id,year,title,artist,theme,spotifyUrl
1,1916,Jerusalem,"William Blake, Charles Hubert and Hastings Parry",People and places,
2,1922,Things Are Worse in Russia,Sam Mayo,People and places,
3,1928,Empty Bed Blues,Bessie Smith,Sex,http://open.spotify.com/track/3WJNDpUfN9RiWbVNSXteoD
4,1928,"Let’s Do It, Let’s Fall in Love",Cole Porter,Love,
5,1928,T for Texas,Jimmie Rodgers,People and places,http://open.spotify.com/track/5pOTmneH4pTmhxaSLtrTM0
6,1928,St James Infirmary Blues,Louis Armstrong,Life and death,http://open.spotify.com/track/7J76OkHtp3A7ufswzoXdT1
7,1928,Frankie and Johnny,Mae West,Life and death,
8,1928,Stack O’ Lee,Mississippi John Hurt,People and places,http://open.spotify.com/track/2s4dwHpeGqoXNUXoyXyG1O
9,1929,How Can a Poor Man Stand Such Times and Live?,Blind Alfred Reed,Politics and protest,http://open.spotify.com/track/0kKl93KcM7R4qtU7wp4ake
10,1929,(What Did I Do To Be So) Black And Blue,Louis Armstrong,Politics and protest,http://open.spotify.com/track/7ogRU94YDmyoE1MkMbrddk
11,1931,Minnie the Moocher,Cab Calloway,People and places,http://open.spotify.com/track/1Ns0szGnyIV7BLkWsrkdVu
12,1931,Devil Got My Woman,Skip James,Heartbreak,http://open.spotify.com/track/0PIFpAuiiowI88mPS6KYsj
14,1932,Brother Can You Spare a Dime?,Bing Crosby,Politics and protest,http://open.spotify.com/track/2Ei1sEtJU0ENRvk3sKZx0X
15,1935,Will the Circle Be Unbroken (By and By),The Carter Family,Life and death,
16,1936,Cross Road Blues,Robert Johnson,People and places,
17,1938,Begin the Beguine,Artie Shaw,Party songs,http://open.spotify.com/track/7zZoN83WXRCiVCyzdCFihV
18,1938,The Bourgeois Blues,Leadbelly,Politics and protest,http://open.spotify.com/track/4gMvW0NSjknhTQOsIIFIkQ
19,1939,Strange Fruit,Billie Holliday,Politics and protest,http://open.spotify.com/track/67q3zVsJsPRks4k0eomEWy
20,1939,Over the Rainbow,Judy Garland,People and places,http://open.spotify.com/track/1jNQ6e4Mze7QA3hPWbTv3B
21,1939,Zing! Went the Strings of My Heart,Judy Garland,Love,http://open.spotify.com/track/2vIuGZHuGRqcydnsVFC7Vp
22,1940,Do Re Mi,Woody Guthrie,People and places,http://open.spotify.com/track/2IsUkc97tIzMBQg67y3lVP
23,1941,Gloomy Sunday,Billie Holiday,Life and death,http://open.spotify.com/track/3kksPdaT31d5IcoP6GPu5I
24,1941,Me and My Chauffeur Blues,Memphis Minnie,People and places,http://open.spotify.com/track/1BrAqEZyBw7t4Qk5LdPq7w
25,1944,Cocktails for Two,Spike Jones and His City Slickers,Party songs,http://open.spotify.com/track/3JmwSgu1vxYXdblOJMXUQz
26,1944,This Land Is Your Land,Woody Guthrie,Politics and protest,http://open.spotify.com/track/7CNaYAdLyi86kofGafReiT
27,1946,Choo Choo Ch’Boogie,Louis Jordan and His Tympany Five,People and places,http://open.spotify.com/track/1bPpdLPZIi24zchWIGkI3H
28,1946,(Get Your Kicks On) Route 66,Nat King Cole,People and places,http://open.spotify.com/track/3k0jloXIBRigk9z7TSxr48
29,1949,I’m So Lonesome I Could Cry,Hank Williams,Life and death,http://open.spotify.com/track/3bAWaK1KyeFpww4xK8ztyO
30,1950,My Son Calls Another Man Daddy,Hank Williams,Life and death,http://open.spotify.com/track/5wZhj1LcXztboIh3T1VgMw
31,1950,Rank Stranger,The Stanley Brothers,People and places,http://open.spotify.com/track/1AkjPhgexQuQkeJpB3sS5E
32,1951,"Cold, Cold Heart",Hank Williams,Heartbreak,http://open.spotify.com/track/56KLeNPhvXXyXGQ9TEYDCC
33,1951,Rocket 88,Jackie Brenston and His Delta Cats,People and places,http://open.spotify.com/track/2D4CW43Ewl0UZvrn9E2bo3
34,1951,London is the Place For Me,Lord Kitchener,People and places,
35,1952,Mad About the Boy,Dinah Washington,Love,http://open.spotify.com/track/3q393Yh4k0cu2wlTgyiW4v
36,1953,Diamonds Are a Girl’s Best Friend,Marilyn Monroe,People and places,http://open.spotify.com/track/0wxF2Ia8RldcEHSlEope7i
37,1954,Hernando’s Hideaway,Archie Bleyer,People and places,http://open.spotify.com/track/5l14z1uDc6xwMohyYuhOfM
38,1954,"Shake, Rattle and Roll",Big Joe Turner,Sex,http://open.spotify.com/track/7aLoa1F3EoM8AeC6Ao1RKz
39,1954,I Got a Woman,Ray Charles,Love,http://open.spotify.com/track/2xar08Fq5xra2KKZs5Bw9j
40,1954,Riot in Cell Block #9,The Coasters,People and places,http://open.spotify.com/track/5Hl3bPQuASTEb4t3GxhlkI
41,1955,Love and Marriage,Frank Sinatra,Love,http://open.spotify.com/track/16y88kDkX8kgzFHMnXr33D
42,1955,Folsom Prison Blues,Johnny Cash,People and places,http://open.spotify.com/track/7BuR7aWjwtMnejLYeh8FZk
43,1955,Tutti Frutti,Little Richard,Sex,http://open.spotify.com/track/17nFSc5cJ3AHKt7qsGFtsz
44,1956,Ev’ry Time We Say Goodbye,Ella Fitzgerald,Love,http://open.spotify.com/track/50KK7LxalUrWPtZxlhBJhn
45,1956,Heartbreak Hotel,Elvis Presley,People and places,http://open.spotify.com/track/4YpAvti84hmMqJwnAYawt5
46,1956,Love Me Tender,Elvis Presley,Love,http://open.spotify.com/track/65An7RQuVbAipQIYhJu0YJ
47,1956,Blueberry Hill,Fats Domino,Love,http://open.spotify.com/track/25CTJ7xIrrWTHNtA7mq8Y6
48,1956,I Walk the Line,Johnny Cash,Love,http://open.spotify.com/track/7wJepIHVDC88KzSyzNU1mA
49,1956,Lonely Avenue,Ray Charles,People and places,http://open.spotify.com/track/43mBBdRU6GfinobxcDyufp
50,1956,Domino,Roy Orbison,People and places,http://open.spotify.com/track/12NYyFxVvXaa8XIZEErs2D
51,1956,Kentucky,The Louvin Brothers,People and places,http://open.spotify.com/track/15GmkMpAv2Q3txQLW2c1nZ
52,1956,Why Do Fools Fall in Love?,The Teenagers featuring Frankie Lymon,Love,http://open.spotify.com/track/2xKfXRhw5xaUXfevJJspZf
53,1957,Whole Lotta Shakin’ Goin’ On,Jerry Lee Lewis,Sex,http://open.spotify.com/track/3VIQihiCjAPP22iG0z0iJ9
54,1957,That’ll Be the Day,The Crickets,Life and death,http://open.spotify.com/track/1EsziXsEVchm2bueFMIzax
55,1957,Fujiyama Mama,Wanda Jackson,Sex,http://open.spotify.com/track/56xQ4YLqsIZ4Kc6R3WEHAx
56,1958,Please Give Me Something,Bill Allen and the Backbeats,Heartbreak,http://open.spotify.com/track/66auDFwg9lKmIYGQzEwHn5
57,1958,Johnny B Goode,Chuck Berry,People and places,http://open.spotify.com/track/78gvEiVlnMd1f5adOHjJxP
58,1958,Sweet Little Sixteen,Chuck Berry,Love,http://open.spotify.com/track/1fDfWFb1YmdRWu5JZ9yANo
59,1958,C’mon Everybody,Eddie Cochran,Life and death,http://open.spotify.com/track/1q2JUOBJqs0ezWvf0Rkm4f
60,1958,Only the Lonely,Frank Sinatra,Heartbreak,http://open.spotify.com/track/3il33mhbtAFCpdBNvNyymr
61,1958,Stagger Lee,Lloyd Price,Life and death,http://open.spotify.com/track/3CrbWMJbTlI9T4pB7p5J35
62,1959,I’ll Take Care of You,Bobby “Blue” Bland,Love,http://open.spotify.com/track/5vUitXO0fTxxS293NR51jA
63,1959,Beyond the Sea,Bobby Darin,People and places,http://open.spotify.com/track/1xeEkk0av46GZ4Ztq1dUEM
64,1959,Mack the Knife ,Bobby Darin,People and places,http://open.spotify.com/track/35hKX7JI7gvQ0oKna8895l
65,1959,"Memphis, Tennessee",Chuck Berry,People and places,http://open.spotify.com/track/289AKX6diQ7eCcvJLb5pC3
66,1959,Summertime,Ella Fitzgerald,Life and death,http://open.spotify.com/track/6igoGVFPInRBwkf4YawNRu
67,1959,The Gnu,Flanders and Swann,Party songs,http://open.spotify.com/track/52HRCPyzVqut2PK1IglGje
68,1959,I Still Miss Someone,Johnny Cash,Heartbreak,http://open.spotify.com/track/17ULcItopPiilP1gIPrJvR
69,1959,That Old Black Magic,Louis Prima and Keely Smith ,Love,http://open.spotify.com/track/0e7LFGPufvU4ITix9vNSuc
70,1959,Teen Angel,Mark Dinning,Life and death,
71,1959,Knoxville Girl,The Louvin Brothers,Life and death,http://open.spotify.com/track/4MEyZH8XHQUd0vieDbOa6O
72,1960,Roadrunner,Bo Diddley,People and places,http://open.spotify.com/track/0D98Qv08oIWYoSgVigHy9a
73,1960,A Teenager in Love,Dion & the Belmonts,Love,http://open.spotify.com/track/17iHLt9yQLLeBN3g1woXzB
74,1960,The Ballad of Sharpeville,Ewan MacColl,Politics and protest,
75,1960,Georgia on My Mind,Ray Charles,People and places,http://open.spotify.com/track/5pnvs9jplQQE7uxdyHhTta
76,1960,Chain Gang,Sam Cooke,People and places,http://open.spotify.com/track/2v3StB7FS2bUZNSWWInRN7
77,1961,Spanish Harlem,Ben E King,People and places,http://open.spotify.com/track/3UCmuRdeTriWgOZMEJsfqZ
78,1961,Stand By Me,Ben E King,Love,http://open.spotify.com/track/2FVHVmsUOyNnhlwtFLjoMF
79,1961,The Wanderer,Dion,People and places,http://open.spotify.com/track/0tk8p69r1Ed2OuqiXxHdAQ
80,1961,So What (Miles),Eddie Jefferson,People and places,http://open.spotify.com/track/0PCrDhGtjxU660QHLUHYYc
81,1961,Can’t Help Falling in Love,Elvis Presley,Love,http://open.spotify.com/track/3Aw5RpV5q1zn66ck2jOQjs
82,1961,I Just Want to Make Love to You,Etta James,Sex,http://open.spotify.com/track/7A96l8P8UmFPhdu7pQ8SMe
83,1961,"Bright Lights, Big City",Jimmy Reed,People and places,http://open.spotify.com/track/3uNEUuL8U3RqHVyhiuD6DY
84,1961,My Favorite Things,John Coltrane Quartet,Life and death,http://open.spotify.com/track/5bKWHp2AY6aMtYMBVBL21F
85,1961,Tribute to Buddy Holly,Mike Berry and the Outlaws,People and places,
86,1961,Crazy,Patsy Cline,Heartbreak,http://open.spotify.com/track/32EaJ4sUH4GrGfXulPltIi
87,1961,Crying,Roy Orbison,Heartbreak,http://open.spotify.com/track/3oVeLS6WNWf7tAGev4Y6vM
88,1961,Cupid,Sam Cooke,Love,http://open.spotify.com/track/37ublgs2E1IIASg1it0v3t
89,1961,Ebony Eyes,The Everly Brothers,Life and death,http://open.spotify.com/track/4eZfC3Dda1SNsNAgMxoKXN
90,1961,Will You Love Me Tomorrow?,The Shirelles,Love,http://open.spotify.com/track/5SqfqdRQBq3JttB5Nh08H2
91,1962,I Hear Voices,Screamin’ Jay Hawkins,Life and death,http://open.spotify.com/track/5kM2F1fbpN9wPhYhVOPDTv
92,1962,You’ve Really Got a Hold On Me,Smokey Robinson and the Miracles,Love,http://open.spotify.com/track/7oLlI6vGHjjFfLkq0fq89A
93,1962,Brown Skin Woman,Snooks Eaglin,Heartbreak,http://open.spotify.com/track/2wiwvZFyUOsqGZYlh0tffe
94,1962,Do You Love Me?,The Contours,Love,http://open.spotify.com/track/1nalk6Yqn0vRg8iiYlfeYd
95,1962,He Hit Me (And it Felt Like a Kiss),The Crystals,Heartbreak,
96,1962,Wipe Out,The Surfaris,Party songs,http://open.spotify.com/track/6uudeEvl6t5WrFgobojt3D
97,1962,I Left My Heart in San Francisco,Tony Bennett,People and places,http://open.spotify.com/track/6T4wzk2iyRcdmEQUcqk1s8
98,1963,"Don’t Think Twice, It’s All Right",Bob Dylan,Heartbreak,http://open.spotify.com/track/0K9nDgwZnLpg8FFG732fcU
99,1963,Girl from the North Country ,Bob Dylan,Love,http://open.spotify.com/track/4OfkpX0bONH3eSHQilGDnA
100,1963,Masters of War,Bob Dylan,Politics and protest,http://open.spotify.com/track/56inmm09BxbQvjZfSexaSM
101,1963,Walk Like a Man,Frankie Valli and the Four Seasons,Life and death,http://open.spotify.com/track/3ebFVCEIcB3zW9RbnHk28D
102,1963,Just Like Eddie,Heinz,People and places,http://open.spotify.com/track/3anKfvDNqW7dYBDEbmKzIn
103,1963,Alabama,John Coltrane,Politics and protest,http://open.spotify.com/track/3uY3z9cO4sR256VTPpe4Kk
104,1963,It’s My Party,Lesley Gore,Heartbreak,http://open.spotify.com/track/4sR3U7qQAai4CI0q4zHlRW
105,1963,(Love Is Like a) Heat Wave,Martha and the Vandellas,Sex,http://open.spotify.com/track/1qCbiWAHRybIDOfdkzOK7e
106,1963,We Shall Overcome,Pete Seeger,Politics and protest,http://open.spotify.com/track/4LLjj2lFgaSWsHw7uWDqDj
107,1963,Blue Bayou,Roy Orbison,People and places,http://open.spotify.com/track/5GdSlf0Of1E67soyYauE1i
108,1963,In My Room,The Beach Boys,Life and death,http://open.spotify.com/track/0sL9QSjcOMNdU829l7pNb0
109,1963,I Want to Hold Your Hand,The Beatles,Love,
110,1963,She Loves You,The Beatles,Love,
111,1963,Then He Kissed Me,The Crystals,Love,http://open.spotify.com/track/6OoJfmP08PBCLic4JBztsJ
112,1963,On Broadway,The Drifters,People and places,http://open.spotify.com/track/1rDBmONfSiBaJJGqDH2OH5
113,1963,Louie Louie,The Kingsmen,Party songs,http://open.spotify.com/track/3VctpyG5B5Y6dbTep9NmOP
114,1963,Be My Baby,The Ronettes,Love,http://open.spotify.com/track/0eXzLs2mOlkZXeftGN0SNH
115,1964,The Lonesome Death of Hattie Carroll,Bob Dylan,Life and death,
116,1964,The Times They Are a-Changin’,Bob Dylan,Politics and protest,http://open.spotify.com/track/2zlP1bRIxUiEjApkELiGYd
117,1964,When the Ship Comes In,Bob Dylan,Politics and protest,http://open.spotify.com/track/0ILmjZkTZsPKjsZaEPmatw
118,1964,Now That The Buffalo's Gone,Buffy Sainte-Marie,Politics and protest,http://open.spotify.com/track/6yacBc7zjbSG2ebrwtLhtJ
119,1964,No Particular Place to Go,Chuck Berry,People and places,http://open.spotify.com/track/0ibuBDbT4tKNA1ugKK92AI
120,1964,Walk on By,Dionne Warwick,Heartbreak,http://open.spotify.com/track/6xS9VDmREYFio4BNGFImjc
121,1964,I Just Don’t Know What to Do With Myself,Dusty Springfield,Heartbreak,http://open.spotify.com/track/4qrEIcw64kbDgSK5QRkkAC
122,1964,Tainted Love,Gloria Jones,Heartbreak,
123,1964,I’m Into Something Good,Herman’s Hermits,Love,http://open.spotify.com/track/5tYLgBIbx3YVde84rRPNE9
124,1964,The Sun Is Burning,Ian Campbell Folk Group,Politics and protest,
125,1964,Wish Someone Would Care,Irma Thomas,Life and death,http://open.spotify.com/track/4gyA9RzfJvZRw7YDDPJRZO
126,1964,Somewhere,PJ Proby,People and places,http://open.spotify.com/track/5lz5nAO1HA7nntRU5k0IzH
127,1964,"Oh, Pretty Woman",Roy Orbison,Love,http://open.spotify.com/track/2DGXmZPZ07HnWkFj3AayR0
128,1964,A Change Is Gonna Come,Sam Cooke,Politics and protest,http://open.spotify.com/track/7aXPwuC5qjhT0ddjHqe64o
129,1964,Everybody Needs Somebody to Love,Solomon Burke,Love,http://open.spotify.com/track/66GhKP6S6KqYMHR7xtGPoX
130,1964,"Fun, Fun, Fun",The Beach Boys,People and places,http://open.spotify.com/track/0kRivH04RZLdKhD5wX1h1D
131,1964,Eight Days a Week,The Beatles,Love,
132,1964,I’m So Proud,The Impressions,Love,http://open.spotify.com/track/6mLycrS3LfCUERnOWm8luW
133,1964,You Really Got Me,The Kinks,Love,http://open.spotify.com/track/0yjEOL4g41q4rAqoguFF0s
134,1964,You’ve Lost That Lovin’ Feelin’,The Righteous Brothers,Heartbreak,http://open.spotify.com/track/4Y7jrcaXsSFyf5g4YLcAaB
135,1964,(The Best Part of) Breakin’ Up,The Ronettes,Heartbreak,
136,1964,Leader of the Pack,The Shangri-Las,Love,http://open.spotify.com/track/7rwBWEQ6APQBQ5sFDOytDb
137,1964,Baby Love,The Supremes,Love,http://open.spotify.com/track/5uM9zdUz8PpYJME9wZCM4W
138,1964,Where Did Our Love Go?,The Supremes,Heartbreak,http://open.spotify.com/track/6yz8hKpO3s2byra8Et3w9x
139,1964,My Girl,The Temptations,Love,http://open.spotify.com/track/0651FOAfvX33QIjpYL4F95
140,1964,Gloria,Them,Love,http://open.spotify.com/track/4VS4B6BjBK6liTPCf8O4aJ
141,1964,Terry,Twinkle,Love,
142,1965,Eve of Destruction,Barry McGuire,Politics and protest,http://open.spotify.com/track/56PQfk2z3WaHJFTaz17kBo
143,1965,Let Me Down Easy,Bettye LaVette,Heartbreak,http://open.spotify.com/track/0MvsfFXD0XkeOcPUOO5XaH
144,1965,Ballad of a Thin Man,Bob Dylan,People and places,http://open.spotify.com/track/3Xbr9UqRIgo5I9Wna9sofg
145,1965,Like a Rolling Stone,Bob Dylan,People and places,http://open.spotify.com/track/4hR2PmKODnlFa5fe8iWzeo
146,1965,Maggie’s Farm,Bob Dylan,Politics and protest,http://open.spotify.com/track/594Kh8VcfpZgFqeWrtlNnP
147,1965,I Fought the Law,Bobby Fuller Four,Politics and protest,http://open.spotify.com/track/6Um3XCAxl9YfFmAnGl93xc
148,1965,"Land of 1,000 Dances",Cannibal and the Headhunters,Party songs,http://open.spotify.com/track/0WRQZg69vaeU0fB2EHGAEw
149,1965,Sunny Goodge Street,Donovan,People and places,http://open.spotify.com/track/0W0WuexnXG8xdSnTIHKnrQ
150,1965,It Was a Very Good Year,Frank Sinatra,Life and death,http://open.spotify.com/track/5lDcHK1FUDAQnMrvMGsGvA
151,1965,Scarborough Fair,Martin Carthy,People and places,
152,1965,Jenny Take a Ride ,Mitch Ryder and the Detroit Wheels,People and places,http://open.spotify.com/track/5mgDZhN7E1nau6ZH2ENmUH
153,1965,Jaan Pehechaan Ho,Mohammed Rafi,Heartbreak,http://open.spotify.com/track/6o1fs0vkkFGT8lSkMAXe1o
154,1965,Bert Jansch,Needle of Death,Life and death,http://open.spotify.com/track/2Er04cz8zf7sjBd2e3v54g
155,1965,Feeling Good,Nina Simone,Life and death,http://open.spotify.com/track/0XaVWd4MhlnxT6uUpFV501
156,1965,I Want My Cock,Owen and Leon,Sex,
157,1965,I Ain’t Marching Anymore,Phil Ochs,Politics and protest,http://open.spotify.com/track/1IA8LarhcLMkwsI7wP0QQl
158,1965,Give Him a Great Big Kiss,Shangri-Las,Sex,http://open.spotify.com/track/5eByLONVak5rrPBnS29nWn
159,1965,The Clapping Song,Shirley Ellis,Party songs,
160,1965,I Got You Babe,Sonny and Cher,Love,http://open.spotify.com/track/4TbuzNasQqnKJc3bJdZ0wZ
161,1965,We Gotta Get Out of This Place,The Animals,People and places,http://open.spotify.com/track/385Z5UTDZvJMvhOAiURcHY
162,1965,Another Girl,The Beatles,Sex,
163,1965,Drive My Car,The Beatles,People and places,
164,1965,Girl,The Beatles,Love,
165,1965,Norwegian Wood (This  Bird Has Flown),The Beatles,Sex,
166,1965,Yesterday,The Beatles,Life and death,
167,1965,You’ve Got to Hide Your Love Away,The Beatles,Heartbreak,
168,1965,People Get Ready,The Impressions,Politics and protest,http://open.spotify.com/track/1MlXd4giftxXZgeMItb3PQ
169,1965,California Dreamin’,The Mamas and the Papas,People and places,http://open.spotify.com/track/1pxO7IS622Q8DQJ7uK7JRt
170,1965,Unchained Melody,The Righteous Brothers,Love,http://open.spotify.com/track/2ACjOtICHXrAlP3ijVMSvb
171,1965,Make it Easy on Yourself,The Walker Brothers,Heartbreak,http://open.spotify.com/track/5RT0MynLRywe8D3UHJ4UNG
172,1965,My Generation,The Who,Politics and protest,http://open.spotify.com/track/4kxrawSkeAoJiASQArwqYO
174,1965,Here Comes the Night,Them/Van Morrison,Love,http://open.spotify.com/track/7knFQrGf88XnKjgyGrB70p
175,1966,So Nice (Summer Samba),Astrud Gilberto,Life and death,http://open.spotify.com/track/155rAbTUh7q24pynaJsQLu
176,1966,I’ve Got to Go Back Home,Bob Andy,People and places,
177,1966,I Want You,Bob Dylan,Sex,http://open.spotify.com/track/6hMr51jPiGsyI16VfO8wmO
178,1966,Just Like a Woman,Bob Dylan,Heartbreak,http://open.spotify.com/track/6M5KL0LxCvXGr3j2mN4wE1
179,1966,She’s Your Lover Now,Bob Dylan,Heartbreak,http://open.spotify.com/track/0TUtCqkeaNlR71xerbm6Xo
180,1966,Visions of Johanna,Bob Dylan,Love,http://open.spotify.com/track/0D0fyyNszdh2FZeUoiHJx1
181,1966,Elusive Butterfly,Bob Lind,Love,http://open.spotify.com/track/226EXK5tPVsqaZ2y9RACR0
182,1966,Sit Down I Think I Love You,Buffalo Springfield,Love,http://open.spotify.com/track/70dh9SQ7pcNLn7QE5dbIiX
183,1966,Sunshine Superman,Donovan,Life and death,http://open.spotify.com/track/6HPxuDcDYHPAfyxIm796Cd
184,1966,You Don’t Have to Say You Love Me,Dusty Springfield,Heartbreak,http://open.spotify.com/track/2djMjbwwD6aeN029drEul0
185,1966,Fly Me to the Moon,Frank Sinatra,Love,http://open.spotify.com/track/09ityNOMUHKZ1sldYGWRCk
186,1966,Get Me to the Church On Time,Frank Sinatra,Love,
187,1966,Do I Love You (Indeed I Do),Frank Wilson,Love,http://open.spotify.com/track/6QtbZ4rI3fJRufeNyi19Nd
188,1966,"River Deep, Mountain High",Ike and Tina Turner,Love,http://open.spotify.com/track/4psjgB5e5HIuUeSVbEUY64
189,1966,What Becomes of the Broken Hearted,Jimmy Ruffin,Heartbreak,http://open.spotify.com/track/019nGMMof2yYp0zIdnbxSV
190,1966,Working in a Coal Mine,Lee Dorsey,Life and death,http://open.spotify.com/track/5GR1Jj5ahZtoR6WqyM5LP4
191,1966,You Ain’t Woman Enough,Loretta Lynn,Sex,http://open.spotify.com/track/0HIDHxooesFQ1zAZ3Vahgm
192,1966,"Hold On, I’m Comin’",Sam and Dave,Sex,http://open.spotify.com/track/6PgVDY8GTkxF3GmhVGPzoB
193,1966,Homeward Bound,Simon and Garfunkel,People and places,http://open.spotify.com/track/0MhdnZTAPZmdEWa3alX8eM
194,1966,God Only Knows,The Beach Boys,Love,http://open.spotify.com/track/0ObrXLrfrqJUNc8RfmIBHP
195,1966,Good Vibrations,The Beach Boys,Love,http://open.spotify.com/track/2oF7FZHIJbzjeEXZ3D0Ku4
196,1966,Wouldn’t It Be Nice,The Beach Boys,Love,http://open.spotify.com/track/0cx32rX0uZvcJUP92Wkj2y
197,1966,Doctor Robert,The Beatles,People and places,
198,1966,Eleanor Rigby,The Beatles,People and places,
199,1966,Eight Miles High,The Byrds,People and places,http://open.spotify.com/track/3M2vp32P9xXHsVRcva9G5c
200,1966,Hey Joe,The Jimi Hendrix Experience,Life and death,http://open.spotify.com/track/4wCeZzV2w2s7QwNRZQRDhU
201,1966,Dead End Street,The Kinks,People and places,http://open.spotify.com/track/2qYhnsUIiu31svhUA5yGZD
202,1966,Trouble Every Day,The Mothers of Invention,Politics and protest,
203,1966,Paint it Black,The Rolling Stones,Life and death,http://open.spotify.com/track/29njOUf53Vc91WEeya44vO
204,1966,Stupid Girl,The Rolling Stones,Heartbreak,http://open.spotify.com/track/1jlF5p7TTVhT1pvk1jdxZz
205,1966,Under My Thumb,The Rolling Stones,Heartbreak,http://open.spotify.com/track/4H5hI3u6LmIRlXnWR89opX
206,1966,All Or Nothing,The Small Faces,Heartbreak,http://open.spotify.com/track/3NkE5aI8aPPnoG8w2xBwNF
207,1966,You Can’t Hurry Love,The Supremes,Love,http://open.spotify.com/track/046ZhBbIMSnG3UXHXJD1cy
208,1966,You Keep Me Hangin’ On,The Supremes,Heartbreak,http://open.spotify.com/track/6tLPgXlqugmn2XfNnmGoVp
209,1966,Wild Thing,The Troggs,Sex,http://open.spotify.com/track/12PKavTaqOLlyC7tRWO4dw
210,1966,Substitute,The Who,Heartbreak,http://open.spotify.com/track/6AtYt0gDIi6I38fOfkV31y
211,1966,Mustang Sally,Wilson Pickett,People and places,http://open.spotify.com/track/2AbmCE9mLpaVMyQeyvlgHN
212,1967,Music to Watch Girls By,Andy Williams,Love,http://open.spotify.com/track/5khJtAAIdaXwr3ZsQvvVv4
213,1967,I Never Loved a Man (The Way I Love You),Aretha Franklin,Love,http://open.spotify.com/track/0FE39WU0AcIcXdkMK0fxkr
214,1967,Respect,Aretha Franklin,Politics and protest,http://open.spotify.com/track/3OYh9wHWqWD6bpmO3WQNlM
215,1967,Sweet Soul Music,Arthur Conley,Party songs,http://open.spotify.com/track/0pvA063uNyGQFp7DNtmk0P
216,1967,The “Fish” Cheer/I-Feel-Like-I’m-Fixin’-to-Die Rag,Country Joe and the Fish,Politics and protest,
217,1967,007 (Shanty Town),Desmond Dekker,People and places,http://open.spotify.com/track/7hwvbkchjTc5JXEZ4xmQX7
218,1967,Bedazzled,Dudley Moore and Peter Cook,Party songs,
219,1967,(Your Love Keeps Lifting Me) Higher and Higher,Jackie Wilson,Party songs,
220,1967,The Dark End of the Street,James Carr,Love,
221,1967,"So Long, Marianne",Leonard Cohen,Heartbreak,http://open.spotify.com/track/75uA4upcHXXxVfaY9eYdSK
222,1967,Alone Again Or,Love,Life and death,http://open.spotify.com/track/6hXHOrhKW9dgQt35Mc5dCb
223,1967,Love Loves to Love Love,Lulu,Party songs,http://open.spotify.com/track/185Uc0jhEnHBZW1KYN9YCk
224,1967,I Heard it Through the Grapevine,Marvin Gaye,Heartbreak,http://open.spotify.com/track/27m1soUndRthrAA1ediOXn
225,1967,Ain’t No Mountain High Enough,Marvin Gaye And Tammi Terrell,Love,http://open.spotify.com/track/77g8V7P1MkfiPXe8Rkxm7y
226,1967,Jackson,Nancy Sinatra and Lee Hazlewood,People and places,http://open.spotify.com/track/56LjYK1rKum8m1L7aIdfm4
227,1967,Some Velvet Morning,Nancy Sinatra and Lee Hazlewood,Sex,http://open.spotify.com/track/2X89x2pEAeDgSIK3ag1jHU
228,1967,My Death,Scott Walker,Life and death,http://open.spotify.com/track/4mL9NVLLrBJz1kmrM2M5qd
229,1967,The Banks of the Sweet Primroses,Shirley Collins,People and places,
230,1967,I Am the Walrus,The Beatles,Politics and protest,
231,1967,Penny Lane,The Beatles,People and places,
232,1967,She’s Leaving Home,The Beatles,People and places,
233,1967,Strawberry Fields Forever,The Beatles,People and places,
234,1967,With a Little Help from My Friends,The Beatles,Love,
235,1967,Waterloo Sunset,The Kinks,People and places,http://open.spotify.com/track/2nlvl52hnkBMoWPmWChXM8
236,1967,Darling Be Home Soon,The Lovin’ Spoonful,Sex,http://open.spotify.com/track/0WyaWFJqhVdHxK2pY9Xg8U
237,1967,Let’s Spend the Night Together,The Rolling Stones,Sex,http://open.spotify.com/track/2Zko8gc25EbLJ7GCWAaB6E
238,1967,Ruby Tuesday,The Rolling Stones,People and places,http://open.spotify.com/track/5dv34fSvGLhCaPNjiytAva
239,1967,I’m a Man,The Spencer Davis Group,Party songs,http://open.spotify.com/track/7vRhkN9rpM0FtDhBdZypn4
240,1967,Venus in Furs,The Velvet Underground,Sex,http://open.spotify.com/track/3BS0Y8iDtIK5SDvXpxUN17
241,1967,Femme Fatale,The Velvet Underground and Nico,Heartbreak,http://open.spotify.com/track/63uM3G418omzGOIT9ltPmt
242,1967,Pictures of Lily,The Who,Sex,http://open.spotify.com/track/7mUd2EEqieY6tcAdEzzuWs
243,1967,Tribute to Hank Williams,Tim Hardin,People and places,http://open.spotify.com/track/7EIObUsjH82rWe34Alrou9
244,1967,I’m in Love,Wilson Pickett,Love,http://open.spotify.com/track/4QDK12L3s53JECMOhx3mdh
245,1968,Tighten Up,Archie Bell and the Drells,Party songs,http://open.spotify.com/track/0qKCm8yeHoRJTpryDDQ9TT
246,1968,I Say A Little Prayer,Aretha Franklin,Love,http://open.spotify.com/track/6bBwFPgVdWxuc4uWEyALCa
247,1968,(My Heart Is) Closed for the Season ,Bettye Swann,Heartbreak,http://open.spotify.com/track/6AS7rbXQIE2cSCtNXg3RPm
248,1968,Love Me Forever,Carlton and the Shoes,Love,
249,1968,Love Child,Diana Ross and the Supremes,Sex,http://open.spotify.com/track/2OukOzuIXcJFz9apg4gSuM
250,1968,Do You Know the Way to San José,Dionne Warwick,People and places,http://open.spotify.com/track/3lVRhqxAiipuI4kPz4TF5W
251,1968,Say It Loud – I’m Black and I’m Proud,James Brown,Politics and protest,http://open.spotify.com/track/6SP5GXlyb0yiCCMODUjeFb
252,1968,Nights in New York City,Jan Bradley,People and places,
253,1968,Piece of My Heart,Janis Joplin and Big Brother and the Holding Company,Heartbreak,http://open.spotify.com/track/3zfJeCCx1uDHzPNReiGqS6
254,1968,Harper Valley PTA,Jeannie C Riley ,People and places,http://open.spotify.com/track/0nAHjZ9TJ6h4Hpy8lxlP6u
255,1968,Wichita Linesman,Jimmy Webb,Love,http://open.spotify.com/track/4LKUWvk6kQDJSTkxP6TUYN
256,1968,Cocaine Blues,Johnny Cash,Party songs,http://open.spotify.com/track/6ogJG0epBYDCMb37n8z637
257,1968,Private Number,Judy Clay and William Bell,Love,http://open.spotify.com/track/5AdCyD1APnK7Drt81MDciC
258,1968,What a Wonderful World,Louis Armstrong,Life and death,http://open.spotify.com/track/2ZeRwblv2s82MQKvLoEzeV
259,1968,You’re All I Need to Get By,Marvin Gaye And Tammi Terrell,Love,http://open.spotify.com/track/6L7r59rN9s4mBSxZDiElTp
260,1968,Wet Dream,Max Romeo,Sex,http://open.spotify.com/track/2vV6qYsr3GAtejs2hE1dV3
261,1968,Kick Out the Jams,MC5,Politics and protest,http://open.spotify.com/track/3MVHpVZrmLyxvWFeN9fooF
262,1968,Angel of the Morning,Merrilee and the Turnabouts,Love,
263,1968,(Sittin’ On) The Dock of the Bay,Otis Redding,Life and death,http://open.spotify.com/track/0y8h1AJzI4y7UxzX5xdVpo
264,1968,Bruton Town,Pentangle,People and places,http://open.spotify.com/track/2pqiemaVZ6QjRYH5cPCfax
265,1968,Mrs Robinson,Simon and Garfunkel,People and places,http://open.spotify.com/track/6J1sj9dcEM91H80NIz1Gpo
266,1968,Dance to the Music,Sly and the Family Stone,Party songs,http://open.spotify.com/track/6W9t1lhkATr4XrnXXgL2CV
267,1968,Rene,Small Faces,Sex,
268,1968,Born to Be Wild,Steppenwolf,People and places,http://open.spotify.com/track/78OcvMkLFsRp5AJsRexfPX
269,1968,D-I-V-O-R-C-E,Tammy Wynette,Heartbreak,
270,1968,Revolution,The Beatles,Politics and protest,
271,1968,Yer Blues,The Beatles,Life and death,
272,1968,Goin’ Back,The Byrds,Life and death,http://open.spotify.com/track/27sI9GC4xswPEHxBDZU7lZ
273,1968,Triad,The Byrds,Sex,http://open.spotify.com/track/3Vcbq1XGXbvwXT9wC4XJjj
275,1968,The Village Green Preservation Society,The Kinks,Politics and protest,
276,1968,Street Fighting Man,The Rolling Stones,Politics and protest,http://open.spotify.com/track/7eZ2NUG1G7SKssQqt4uRcy
277,1968,Long Walk to DC,The Staple Singers,Politics and protest,http://open.spotify.com/track/7yDbI673oElwJy891HuBHZ
278,1968,Cloud Nine,The Temptations,Party songs,http://open.spotify.com/track/5yGqsTtt4oDRY1FdVsVqSL
279,1968,Hit the Bongo,Tito Puente,Party songs,
280,1968,Delilah,Tom Jones,Heartbreak,http://open.spotify.com/track/0hK0cOpYF3cLB49VbMa7AV
281,1968,Crimson and Clover,Tommy James and the Shondells,Sex,http://open.spotify.com/track/1vXuYPpkLjn1v06E2EsWQY
282,1968,54-46 (That’s My Number),Toots and the Maytals,People and places,http://open.spotify.com/track/0KVxbnJ6OfDj6P47KogYo7
283,1968,Madame George,Van Morrison,Love,http://open.spotify.com/track/0XGw1JFG1kE6rFi4rtvs7w
284,1969,The Thrill is Gone,BB King,Heartbreak,http://open.spotify.com/track/2l9eWSE3Tupp0ArEDo45eB
285,1969,Melting Point,Blue Mink,Politics and protest,
286,1969,Lay Lady Lay,Bob Dylan,Sex,http://open.spotify.com/track/6wo0JCftDQbbo9nsGKLzk2
287,1969,Fancy,Bobbie Gentry,Sex,http://open.spotify.com/track/6aarvZBVzYo3sp4NYOBqCp
288,1969,"Glory Hallelujah, How They’ll Sing",Bobbie Gentry,Life and death,
289,1969,Tent,Bonzo Dog Doo-Dah Band,Sex,http://open.spotify.com/track/1Iv81TnJcanYzk4uyewcNi
290,1969,Letter to Hermione,David Bowie,Heartbreak,http://open.spotify.com/track/13YcDQxaOktczzQBliAISJ
291,1969,Space Oddity,David Bowie,People and places,http://open.spotify.com/track/7IBfmCrfaR3SLVemWhsucQ
292,1969,In the Ghetto,Elvis Presley,Politics and protest,http://open.spotify.com/track/7na7MmpePvl0nErQIQteBG
293,1969,Suspicious Minds,Elvis Presley,Heartbreak,http://open.spotify.com/track/21uqk0VElbm5bxCNTR3E6M
294,1969,I’d Rather Go Blind,Etta James,Heartbreak,http://open.spotify.com/track/2xxX1FmYQk7P0I5stRyNsT
295,1969,Galveston,Glen Campbell,People and places,http://open.spotify.com/track/7GCNh1ibQiae8aimaEUOFq
296,1969,Je T’Aime ... Moi Non Plus,Jane Birkin and Serge Gainsbourg,Sex,
297,1969,The Star-Spangled Banner,Jimi Hendrix,Politics and protest,http://open.spotify.com/track/5l3d4azo71WotmWhRc1zqM
298,1969,Many Rivers to Cross,Jimmy Cliff,People and places,http://open.spotify.com/track/1dr5J5vp2lomzdDPcv4CvG
299,1969,Give Peace a Chance,John Lennon,Politics and protest,
300,1969,Whole Lotta Love,Led Zeppelin,Sex,
301,1969,Okie from Muskogee,Merle Haggard,Politics and protest,http://open.spotify.com/track/1BlR9w48cl5fBtebabidTM
302,1969,Workin’ Man’s Blues,Merle Haggard,Life and death,http://open.spotify.com/track/5TJ2aQyvZIexiWunUdKxka
303,1969,I Guess the Lord Must Be in New York City,Nilsson,People and places,http://open.spotify.com/track/6gu59Q2p1Zkx2jkMdJYO1X
304,1969,Spirit in the Sky,Norman Greenbaum,Life and death,
305,1969,True Love Travels on a Gravel Road,Percy Sledge,Love,http://open.spotify.com/track/38r31rrb3wYnNPa3TCn4Mn
306,1969,The Old Man’s Back Again (Dedicated to the Neo-Stalinist Regime),Scott Walker,Politics and protest,http://open.spotify.com/track/23LS90srRC3n86OWgUBUQx
307,1969,"Don’t Call Me Nigger, Whitey",Sly and the Family Stone,Politics and protest,http://open.spotify.com/track/2go5vzzDZP7KBrjQXK4KLr
308,1969,Wreck a Buddy,Soul Sisters,Sex,http://open.spotify.com/track/5y8N3Wr5bLv40PdFK3oC54
309,1969,Monster,Steppenwolf,Politics and protest,http://open.spotify.com/track/5gN9AKEIJgccrIBBMCKs68
310,1969,Something,The Beatles,Love,
311,1969,Sin City,The Flying Burrito Brothers,People and places,http://open.spotify.com/track/79eJ1pa0yAAFlloGPizz8W
312,1969,Honky Tonk Women,The Rolling Stones,Sex,http://open.spotify.com/track/0KoKNKBkQaAulzTJ5WLV6I
313,1969,I Wanna Be Your Dog,The Stooges,Sex,http://open.spotify.com/track/6clhKRH03Y0FWMTW3R1pHq
314,1969,Jesus,The Velvet Underground,Life and death,http://open.spotify.com/track/030AxdYEncwjWPZGEL2fDa
315,1970,Without You,Badfinger,Heartbreak,http://open.spotify.com/track/5GFV9C9D7EztSc0bMzF9ss
316,1970,Paranoid,Black Sabbath,Life and death,http://open.spotify.com/track/7eWOuDHQOa6lNLLtQSMIdN
317,1970,Ohio,"Crosby, Stills, Nash and Young",Politics and protest,http://open.spotify.com/track/0eFqH9smOTiNNecXMpFIi2
318,1970,Move On Up,Curtis Mayfield,Party songs,http://open.spotify.com/track/6evohxlACvIJ6vAs1083NQ
319,1970,Layla,Derek and the Dominos,Heartbreak,http://open.spotify.com/track/1KDsONFxp3YtnJTaLeWFIi
320,1970,Beware of Young Girls,Dory Previn,Heartbreak,http://open.spotify.com/track/6G73YaSHMs0tP2gCNvSnjE
321,1970,War,Edwin Starr,Politics and protest,http://open.spotify.com/track/0cs3dkKsYJwdauvRRJaCOm
322,1970,All Things Must Pass,George Harrison,Life and death,
323,1970,Whitey On the Moon,Gil Scott-Heron,Politics and protest,http://open.spotify.com/track/0Ko176OJTtK3ubUtzdXINI
324,1970,Get Up (I Feel Like Being a) Sex Machine,James Brown,Sex,http://open.spotify.com/track/5uCdgBAqYPWQ2HGpJVGAeD
325,1970,God,John Lennon,Life and death,
326,1970,Suicide Is Painless (Theme from M*A*S*H),Johnny Mandel,Politics and protest,
327,1970,Big Yellow Taxi,Joni Mitchell,Politics and protest,http://open.spotify.com/track/3DYrWKfm5gYCqXyH608Lmd
328,1970,Help Me Make It Through the Night,Kris Kristofferson,Sex,http://open.spotify.com/track/2Os4SR7qNgb6vKa6cXQSUZ
329,1970,Gallows Pole,Led Zeppelin,Life and death,
330,1970,Only Love Can Break Your Heart,Neil Young,Love,http://open.spotify.com/track/3nQBejgpXbSdWpJsXKYWye
331,1970,Southern Man,Neil Young,Politics and protest,http://open.spotify.com/track/1JqNtFOi0K8xUpfeNHMPJz
332,1970,"To Be Young, Gifted and Black",Nina Simone,Politics and protest,http://open.spotify.com/track/3btkTbTgRXJjVSwSC3RHZe
333,1970,Bridge Over Troubled Water,Simon and Garfunkel,Love,http://open.spotify.com/track/1eAVDtuGhk1lVVjMbmFvsi
334,1970,Check Out Your Mind,The Impressions,Politics and protest,http://open.spotify.com/track/112ofK4eq7gS0gRqNNxQMM
335,1970,I Want You Back,The Jackson 5,Heartbreak,http://open.spotify.com/track/2nPXRL8SX00vl9zeQHMSQp
336,1970,Lola,The Kinks,Heartbreak,http://open.spotify.com/track/191w1gNvwUI55Pk6PcVvMx
337,1970,Stoned Love,The Supremes,Love,
338,1971,Satta Massagana,Abyssinians,Life and death,http://open.spotify.com/track/27adNyPtau6RYDGsUbXEo4
339,1971,Let’s Stay Together,Al Green,Love,http://open.spotify.com/track/1r5ix6rRcET3TUdnDSZ9Oo
340,1971,Tired of Being Alone,Al Green,Life and death,
341,1971,Lake Shore Drive,Aliotta Haynes Jeremiah,People and places,
342,1971,Blackwater Side,Anne Briggs,People and places,
343,1971,Ain’t No Sunshine,Bill Withers,Heartbreak,http://open.spotify.com/track/7u9s9Kn0J9U69J0qQV3E5M
344,1971,Grandma’s Hands,Bill Withers,Life and death,http://open.spotify.com/track/1qfDfZAvrkSAFrAR2FTQDv
345,1971,War Pigs,Black Sabbath,Politics and protest,http://open.spotify.com/track/1V0mETNS6mfKRtihAMTtxy
346,1971,I Feel the Earth Move,Carole King,Sex,http://open.spotify.com/track/437fpvkvab2A1kyZWr99u1
347,1971,It’s Too Late,Carole King,Heartbreak,http://open.spotify.com/track/5bl6wYKQnPmHYO7DbF1mg7
348,1971,Peace Train,Cat Stevens,Politics and protest,http://open.spotify.com/track/0kPj8oXqC8iz8AYJc3UUka
349,1971,Kooks,David Bowie,Life and death,http://open.spotify.com/track/4t1XVKQQxxutKSQxBU1ajq
350,1971,Life On Mars?,David Bowie,People and places,http://open.spotify.com/track/1EdKQ7nYYmMEsrcehcHf4Q
351,1971,Vincent,Don McLean,People and places,http://open.spotify.com/track/6b2rn4db84W8Ntz66LHi53
352,1971,And the Band Played Waltzing Matilda,Eric Bogle,Politics and protest,http://open.spotify.com/track/2bcpK9QU6cJW5PlEVQfBd5
353,1971,Me and Bobby McGee,Janis Joplin,People and places,http://open.spotify.com/track/6K81RptJZZaeEkqiV6kpyv
354,1971,Jealous Guy,John Lennon,Heartbreak,
355,1971,Sam Stone,John Prine,Politics and protest,
356,1971,A Case of You,Joni Mitchell,Sex,http://open.spotify.com/track/42kn5anz7d6ykieCG0yIbH
357,1971,Katie Cruel,Karen Dalton,Heartbreak,
358,1971,It Must Be Love,Labi Siffre,Love,http://open.spotify.com/track/2kLNtPuucbm4kPhzWpuOOM
359,1971,Mercy Mercy Me (The Ecology),Marvin Gaye,Politics and protest,http://open.spotify.com/track/72rvx9ydiRGPjvE9Hy1Fi5
360,1971,Save the Children,Marvin Gaye,Life and death,http://open.spotify.com/track/5k2Q94JSvf3gpYIibSz8I4
361,1971,What’s Going On?,Marvin Gaye,Politics and protest,http://open.spotify.com/track/42PyxnviKRfOa8z39g8aZj
362,1971,Maggie May,Rod Stewart,Heartbreak,http://open.spotify.com/track/5bnmFqpNi0JsOUQgQaGtzC
363,1971,Mandolin Wind,Rod Stewart,Love,http://open.spotify.com/track/2YIJ6PXSWgwo25sE9eIzuU
364,1971,Get It On,T Rex,Sex,http://open.spotify.com/track/53sjKpBzCxzmkQIaB0Sbq3
365,1971,A Day in the Life of a Tree,The Beach Boys,Politics and protest,http://open.spotify.com/track/69PvvnBElTbIFHVt9ue58Q
366,1971,Stay With Me,The Faces,Sex,http://open.spotify.com/track/6qpWQy2fQy7X0jJTg7UoiO
367,1971,Moonlight Mile,The Rolling Stones,People and places,http://open.spotify.com/track/19syRYigiBrdGj5HUqBjzx
368,1972,How Can You Mend a Broken Heart ,Al Green,Heartbreak,
369,1972,Love and Happiness,Al Green,Love,
370,1972,School’s Out,Alice Cooper,Life and death,http://open.spotify.com/track/1ad6vKBg5pzyM9oCQ0M9Fg
371,1972,Thirteen,Big Star,Love,
372,1972,Lean on Me,Bill Withers,Love,http://open.spotify.com/track/4IXTOcB1eMoE7dkBs6oRHr
373,1972,Use Me,Bill Withers,Heartbreak,http://open.spotify.com/track/7bIC3bWre8rInwCizxLMPQ
374,1972,Me and Mrs Jones,Billy Paul,Sex,http://open.spotify.com/track/5GYcaVfaFBHe2gzA6Oybgj
375,1972,You’re So Vain,Carly Simon,Heartbreak,http://open.spotify.com/track/46aRTYYXkN8ok6fnv9ljvr
376,1972,I’m On My Way to a Better Place,Chairmen of the Board,Life and death,
377,1972,My Ding-a-Ling,Chuck Berry,Sex,http://open.spotify.com/track/2x54atSzwJO7zngKHdePjb
378,1972,Somebody Oughta Turn Your Head Around,Crystal Mansion,Party songs,
379,1972,Puppy Love,Donny Osmond,Love,http://open.spotify.com/track/3ABtW1kSCzKlJGGDYFH7GV
380,1972,Always on My Mind,Elvis Presley,Heartbreak,http://open.spotify.com/track/7mm18MJI4UpSS2IfsId0qB
381,1972,Alone Again (Naturally),Gilbert O’Sullivan,Life and death,
382,1972,Roadrunner,Jonathan Richman and the Modern Lovers,People and places,
383,1972,Soul Makossa,Manu Dibango,Party songs,http://open.spotify.com/track/4JaOd0NUBTckYFZMguuY7M
384,1972,A Man Needs a Maid,Neil Young,Heartbreak,http://open.spotify.com/track/09EdAJXci83YhVYUaZtLOw
385,1972,Neil Young,Old Man,Life and death,http://open.spotify.com/track/2AylP2SrOxus7LieLnzUQG
386,1972,Me and Julio Down By the Schoolyard,Paul Simon,Life and death,http://open.spotify.com/track/1XU3s83WnD0EZh6KZHNLEX
387,1972,God’s Song (That’s Why I Love Mankind),Randy Newman,Life and death,http://open.spotify.com/track/0gvmUlKbABaYKEtOV40aA8
388,1972,You Can Leave Your Hat On,Randy Newman,Sex,http://open.spotify.com/track/6g15icndZ6ig2CtKcayHHx
389,1972,Virginia Plain,Roxy Music,Party songs,http://open.spotify.com/track/6b4wMiPcl21hL8owVgIshi
390,1972,Taxes on the Farmer Feeds Us All,Ry Cooder,People and places,
391,1972,I’ll Be Around,The Spinners,Love,http://open.spotify.com/track/2vLaES21zwbX1Rnmj56Bbb
392,1972,Saturday Nite Special,The Sundown Playboys,Party songs,
393,1972,Get On Top,Tim Buckley,Sex,http://open.spotify.com/track/2OqesAvEfzM5KvBHhRlz5l
394,1972,I Saw the Light,Todd Rundgren,Love,http://open.spotify.com/track/2QNMAvCnpIN6P43f8HPKp1
395,1973,Dream On,Aerosmith,Life and death,http://open.spotify.com/track/2WZbjDTXP78H9xq58cnSWF
396,1973,Knockin’ On Heaven’s Door,Bob Dylan,Life and death,http://open.spotify.com/track/0BemTX3XUeTyL8UgICqjkj
397,1973,Jolene,Dolly Parton,Heartbreak,http://open.spotify.com/track/5fdhThPDe6jQQDqCyWrdAn
398,1973,Long Train Runnin’,Doobie Brothers,Party songs,http://open.spotify.com/track/6DwWChkbqCyv1wwflMkLRZ
399,1973,She,Gram Parsons,Love,http://open.spotify.com/track/0ik33iwk2do6Rf9rQs7e8X
400,1973,She’s Gone,Halls and Oates,Heartbreak,
401,1973,May You Never,John Martyn,Life and death,http://open.spotify.com/track/47qIZIE8m5zcjmpJL7DSS9
402,1973,I’m So in Love,Leroy Hutson,Love,http://open.spotify.com/track/7yLQMOBHYEkFkFQcEoNEpR
403,1973,Berlin,Lou Reed,People and places,
404,1973,Sad Song,Lou Reed,Heartbreak,
405,1973,Let’s Get It On,Marvin Gaye,Sex,http://open.spotify.com/track/5qAV9Xmezj2Fb2cUkZCKqS
406,1973,My Love,Paul McCartney and Wings,Love,http://open.spotify.com/track/5SL1Vx2h1ULwp1EKYKp1UN
407,1973,I’m Gonna Be an Engineer,Peggy Seeger,Politics and protest,http://open.spotify.com/track/1bXhsrCeznTkbigKIqVIQq
408,1973,Killing Me Softly With His Song,Roberta Flack,Love,http://open.spotify.com/track/60SJRvzXJnVeVfS4RiH14u
409,1973,In Every Dream Home a Heartache,Roxy Music,Sex,http://open.spotify.com/track/3Wkho6tesTh4aF80T6evqH
410,1973,You Gotta Come a Little Closer,Soul Brothers Six,Love,
411,1973,The Dutchman,Steve Goodman,Love,http://open.spotify.com/track/7gSXNrDpUr5mMDThxS6Y6i
412,1973,Don’t You Worry ‘Bout a Thing,Stevie Wonder,Life and death,
413,1973,Living for the City,Stevie Wonder,People and places,http://open.spotify.com/track/1XtEFMgU5u5yHa5N4GxIbA
414,1973,Stoned Out of My Mind,The Chi-Lites,Love,http://open.spotify.com/track/3R35ltXFfFzAk5cCAKgZF8
415,1973,Summer Breeze,The Isley Brothers,Love,http://open.spotify.com/track/5tECQN3UPXULg4nzgkXM9r
416,1973,"Get Up, Stand Up",The Wailers,Politics and protest,http://open.spotify.com/track/4xAMYRrgL5JaaR57g2cPrS
417,1973,Martha,Tom Waits,Life and death,http://open.spotify.com/track/2r0SdO3iOO3dmmVUdwzwzD
418,1973,Me and Baby Brother,War,Party songs,http://open.spotify.com/track/28q8PaM3ROCZMKeNRBg5Yq
419,1974,Let’s Get Married,Al Green,Love,
420,1974,Forever Young,Bob Dylan,Life and death,http://open.spotify.com/track/1xOqdmOQsvP0dwZL5d46WA
421,1974,Wedding Song,Bob Dylan,Love,http://open.spotify.com/track/6O5MMLdfCMSohn7uvSLXqS
422,1974,"No Woman, No Cry",Bob Marley and the Wailers,People and places,http://open.spotify.com/track/2Fl520GM5Pq1yCxSruf3gj
423,1974,Ain’t No Love in the Heart of the City,Bobby Bland,People and places,
424,1974,Machine Gun,Commodores,Party songs,http://open.spotify.com/track/2INLSpeJq53F0HtnNHV3Ad
425,1974,I Will Always Love You,Dolly Parton,Love,http://open.spotify.com/track/1n3q9eF2qqOaWHBBQHLRXw
426,1974,Rock Your Baby,George McCrae,Party songs,http://open.spotify.com/track/1lmfsSEuxU4PpT739Kihno
427,1974,The Bottle,Gil Scott-Heron,Party songs,http://open.spotify.com/track/4lgCSMpVERwvfa9A8tDXJQ
428,1974,"$1,000 Wedding",Gram Parsons,Heartbreak,http://open.spotify.com/track/53egTlbVDqNH2SRmZTknrC
429,1974,Love Hurts,Gram Parsons with Emmylou Harris,Heartbreak,http://open.spotify.com/track/51sT9Y2lXJocjVUhA5NFK1
430,1974,90% of Me is You,Gwen McRae,Love,http://open.spotify.com/track/4dz8fFVtr8dPMqGThk5Cbs
431,1974,Hang On in There Baby,Johnny Bristol,Party songs,http://open.spotify.com/track/03ZrvcYZGCYpimu6dYdhPY
432,1974,Help Me,Joni Mitchell,Love,http://open.spotify.com/track/4gvV5Ib89fiwMtQ4biQQjd
433,1974,Black Diamond,Kiss,Sex,http://open.spotify.com/track/6ChyfMvHeIdX7vaNR249AK
434,1974,Lady Marmalade,Labelle,Sex,http://open.spotify.com/track/3xqe6BzisHN08DOYYqTcsh
435,1974,Chelsea Hotel #2,Leonard Cohen,People and places,http://open.spotify.com/track/48WhdGNxaxHMdRxs11ampi
436,1974,Chris Bell,Look Up,Life and death,
437,1974,Sweet Home Alabama,Lynyrd Skynyrd,People and places,http://open.spotify.com/track/1KZ1hkR3lxhIRW57sPaY07
438,1974,Summer (The First Time),Millie Jackson,Sex,
439,1974,Piss Factory,Patti Smith,Life and death,http://open.spotify.com/track/4jue8yd6Ct7191KkADXyzO
440,1974,Now I’m Here,Queen,Party songs,http://open.spotify.com/track/0s0i59YQo6TBJXEvxkoIfU
441,1974,The End of the Rainbow,Richard and Linda Thompson,Life and death,http://open.spotify.com/track/4A1SdZ4anubLlSu1NRtQuZ
442,1974,Once You Get Started,Rufus featuring Chaka Khan,Party songs,http://open.spotify.com/track/5jAhlLUmtIBRTzM3f1Im6r
443,1974,You Haven’t Done Nothin’,Stevie Wonder,Politics and protest,http://open.spotify.com/track/6iNsJeA9xAbfiGAOzsI93H
444,1974,Seasons in the Sun,Terry Jacks,Life and death,
445,1974,That’s How Long,The Chi-Lites,Love,
446,1975,Hurricane,Bob Dylan,Politics and protest,http://open.spotify.com/track/6ZRnk0vJtbgbReepK6m469
447,1975,Idiot Wind,Bob Dylan,Heartbreak,http://open.spotify.com/track/6M4ch4i9qn5uWVrEeMGn9i
448,1975,"If You See Her, Say Hello",Bob Dylan,Heartbreak,http://open.spotify.com/track/16M0VBfpUnVkUfKknW1gar
449,1975,Tangled up in Blue,Bob Dylan,Heartbreak,http://open.spotify.com/track/3fSmfeHzyp33FHpVKqavaw
450,1975,Born to Run,Bruce Springsteen,People and places,http://open.spotify.com/track/3JlWTo11ustqpPS1V7Jivs
451,1975,Slavery Days,Burning Spear,Politics and protest,http://open.spotify.com/track/1YiCnD7YmmCXWLregZmdoM
452,1975,Love Will Keep Us Together,Captain and Tennille ,Party songs,http://open.spotify.com/track/10pcZvQ4QTKeHRvTUAeHVD
453,1975,Born to Be With You,Dion,Love,
454,1975,Love to Love You Baby,Donna Summer,Sex,http://open.spotify.com/track/3XlWYam3ILQ9txcjjjJixQ
455,1975,Boulder to Birmingham,Emmylou Harris ,People and places,http://open.spotify.com/track/3PAnJueYX2pM8Ig0xSnkbI
456,1975,LA Freeway,Guy Clark,People and places,http://open.spotify.com/track/0FIn08OKKHVRSFJfm6QBmS
457,1975,You Sexy Thing,Hot Chocolate,Sex,http://open.spotify.com/track/3FJ86KB6nSQ1vTJbupZmmv
458,1975,Diamonds and Rust,Joan Baez,Heartbreak,http://open.spotify.com/track/5lZ4Dm9BBGcCBVbfzxnyCX
459,1975,Turn Off the Lights,Larry Young,Party songs,http://open.spotify.com/track/2kXBmTMIDIlNSQEeaQl95A
460,1975,Rufus Is a Tit Man,Loudon Wainwright III,Life and death,http://open.spotify.com/track/7ELRQhh1oVMPQCPUiUqrvH
461,1975,Cross the Tracks (We Better Go Back),Maceo and the Macks,Party songs,http://open.spotify.com/track/6n87nzWTGpNr26NbkNQoVv
462,1975,Inside My Love,Minnie Riperton,Sex,http://open.spotify.com/track/3oxLJ747VFQTlAdrVMpznH
463,1975,Gin House Blues,Nina Simone,Party songs,http://open.spotify.com/track/0aGprKPHGtQyQZ9RCQ9mNI
464,1975,50 Ways to Leave Your Lover,Paul Simon,Heartbreak,http://open.spotify.com/track/2VrS8weZmIHO4LtRQibMvJ
465,1975,Shine on You Crazy Diamond,Pink Floyd,People and places,
466,1975,You’re My Best Friend,Queen,Love,http://open.spotify.com/track/0WMmdTiZrDkObaABU7mylW
467,1975,Mehbooba Mehbooba,R D Burman,Love,
468,1975,Lyin’ Eyes,The Eagles,Sex,
469,1976,Blue Öyster Cult,(Don’t Fear) The Reaper,Life and death,http://open.spotify.com/track/2NL4BBBSgypHnxUKmQdYcT
470,1976,Dancing Queen,Abba,Party songs,http://open.spotify.com/track/2rgqPSIRAfaO2MGo9smdSX
471,1976,It Was Jealousy,Ann Peebles,Heartbreak,
472,1976,Let’s Stick Together,Bryan Ferry,Love,http://open.spotify.com/track/47KlEDyoBmF5ulJu6qmcHo
473,1976,Young Hearts Run Free,Candi Staton,Party songs,http://open.spotify.com/track/3MFa9idQuY4iJLWsZl3tIQ
474,1976,Cokane in My Brain,Dillinger,Party songs,http://open.spotify.com/track/4qhRH8f3Du6ooDZFaKou45
475,1976,Livin’ Thing,Electric Light Orchestra,Party songs,http://open.spotify.com/track/7l6rfNKHyD8MsXkJztfzFi
476,1976,Last Night Changed It All,Esther Williams,Party songs,http://open.spotify.com/track/6zMgWeJracgip80YQZsIj2
477,1976,Upside Down,Fela Kuti,Party songs,http://open.spotify.com/track/0dle66YE2om3mCgTguJLOK
478,1976,Police and Thieves,Junior Murvin,Politics and protest,http://open.spotify.com/track/3cnvTMZRhkbzea0KC4Y4We
479,1976,"I’m Gonna Love You Just a Little More, Baby",Kellee Patterson,Sex,
480,1976,Legalize It,Peter Tosh,Politics and protest,http://open.spotify.com/track/3j4f5c97RD6GxVeUySXyUd
481,1976,Dat,Pluto Shervington,Party songs,
482,1976,The Killing of Georgie (Part I and II),Rod Stewart,Politics and protest,http://open.spotify.com/track/1VcmUcqIu77SOnRjAvbFTc
483,1976,Car Wash,Rose Royce,Party songs,http://open.spotify.com/track/1tJtx09XQnxaynZLOaTNfZ
484,1976,Anarchy in the UK,Sex Pistols,Politics and protest,http://open.spotify.com/track/7KwdlMKVUyMsyrL523djBl
485,1976,Disco Inferno,The Trammps,Party songs,http://open.spotify.com/track/5jUA1njy3h6ynHLvPdEVHt
486,1976,The Boys Are Back in Town,Thin Lizzy,People and places,http://open.spotify.com/track/3w7SMX2L4Tx6GAR8cr5H5L
487,1977,Uptown Top Ranking,Althea and Donna,Party songs,http://open.spotify.com/track/34zWZOSpU2V1ab0PiZCcv4
488,1977,"Yes Sir, I Can Boogie",Baccara,Party songs,http://open.spotify.com/track/268jT4m5ztrceh5qdzpQ68
489,1977,Orgasm Addict,Buzzcocks,Sex,http://open.spotify.com/track/4iUvyJkurdF6iDzdY4Z4al
490,1977,I Was Born This Way,Carl Bean,Politics and protest,
491,1977,Nobody Does it Better,Carly Simon,Heartbreak,http://open.spotify.com/track/240vi0Gt8ZOdPwC1PbzfUJ
492,1977,Heroes,David Bowie,Love,http://open.spotify.com/track/1qyRX6xXvsmbxR6FEnVSv2
493,1977,I Feel Love ,Donna Summer,Love,http://open.spotify.com/track/6efRrfjV1YW1rtecLUHoP1
494,1977,Zombie,Fela Kuti,Politics and protest,http://open.spotify.com/track/0tOqZJsRP90T91Jx4pzAjB
495,1977,Doctor Love,First Choice,Party songs,
496,1977,Go Your Own Way,Fleetwood Mac,Heartbreak,http://open.spotify.com/track/5qg6DB7nxilzxxzalcpNU3
497,1977,La Vie En Rose,Grace Jones,Love,http://open.spotify.com/track/50SLOKltoko04YawlAjDeH
498,1977,Billericay Dickie,Ian Dury,People and places,
499,1977,Wake Up and Make Love With Me,Ian Dury and the Blockheads,Sex,
500,1977,Trans-Europe Express,Kraftwerk,People and places,http://open.spotify.com/track/0E4dDQtMRsh2hil3J9hTMj
501,1977,Like a Hurricane,Neil Young,Love,http://open.spotify.com/track/1756tFft3p2hTUBzg9bKdQ
502,1977,Solsbury Hill,Peter Gabriel,People and places,
503,1977,Baltimore,Randy Newman,People and places,
504,1977,Short People,Randy Newman,Politics and protest,http://open.spotify.com/track/6emIUUgOV0lPgUYbJ1RZ7I
506,1977,Runaway,Salsoul Orchestra,Party songs,
507,1977,God Save the Queen,Sex Pistols,Politics and protest,http://open.spotify.com/track/7mkLlx81e3LaCrPVZYOBCT
508,1977,If the Kids Are United,Sham 69,Politics and protest,http://open.spotify.com/track/2ZybCRD7fboSUv7HkXyjuN
509,1977,Do What You Wanna Do,T-Connection,Party songs,http://open.spotify.com/track/5PzK3L2Lm4mbo0H89CAWzg
510,1977,Psycho Killer,Talking Heads,Life and death,http://open.spotify.com/track/1F9RobwaMi1mimBs0hW3kB
511,1977,How Deep is Your Love?,The Bee Gees,Love,http://open.spotify.com/track/1gIKd24bixkgYzuxse32oR
512,1977,White Riot,The Clash,Politics and protest,http://open.spotify.com/track/40t0GuTTYhobrOijf3PfEP
513,1977,Fisherman,The Congos,Life and death,http://open.spotify.com/track/00m6N23ZTNEtsg65N1WcDV
514,1978,Night Fever,Bee Gees,Party songs,http://open.spotify.com/track/66wpCqkkM6MrxXSbfgmsrh
515,1978,Kangaroo,Big Star,Sex,
516,1978,Chancery Lane,Bim Sherman,People and places,
517,1978,Heart of Glass,Blondie,Heartbreak,http://open.spotify.com/track/0a4agFmqHXxcZl1nho1BxM
518,1978,Is This Love?,Bob Marley,Love,http://open.spotify.com/track/6wwxa6n8kSf3Bd0apxe0iy
519,1978,Ever Fallen in Love (With Someone You Shouldn’t’ve),Buzzcocks,Heartbreak,http://open.spotify.com/track/4JXtIl8MKQT9Q7XkVvWV2I
520,1978,Le Freak,Chic,Party songs,http://open.spotify.com/track/4HHQNuSudz9yv7piGFMchm
521,1978,One Nation Under a Groove,Funkadelic,Party songs,
522,1978,I Will Survive,Gloria Gaynor,Heartbreak,http://open.spotify.com/track/1lBbC5ez7W0VgrRGGeybTY
523,1978,Hit Me With Your Rhythm Stick,Ian Dury and the Blockheads,Party songs,
524,1978,Is She Really Going Out With Him?,Joe Jackson,Heartbreak,http://open.spotify.com/track/3P97XnD4osOqR4lRPalNPV
525,1978,The Man With the Child in His Eyes,Kate Bush,Love,http://open.spotify.com/track/4xjVfArXNQRxAvsUpjmfMt
526,1978,It’ll All Come Around,Patsy Gallant,Love,
527,1978,Da Ya Think I’m Sexy,Rod Stewart,Sex,http://open.spotify.com/track/42GthmiW6mIvcyaJHdMk30
528,1978,Baby Let’s Dance Together,Sapan Chakraborty,Party songs,
529,1978,Suspect Device,Stiff Little Fingers,Politics and protest,http://open.spotify.com/track/7Ig7b1MJJKbNyTxLU6u9rZ
530,1978,You Make Me Feel (Mighty Real),Sylvester,Party songs,http://open.spotify.com/track/0DY0B9PkxKFVs0YagNcAC4
531,1978,Stay Free,The Clash,Love,
532,1978,Killing an Arab,The Cure,Life and death,http://open.spotify.com/track/4kE10gVBAweSufT8XOcdWv
533,1978,Down in the Tube Station at Midnight,The Jam,People and places,http://open.spotify.com/track/3pmY0mjzWegSxdMPwYZwSj
534,1978,Warm Leatherette,The Normal,Sex,http://open.spotify.com/track/6LNFfNZ5HL9lDQpB52eGOh
535,1978,Can’t Stand Losing You,The Police,Heartbreak,http://open.spotify.com/track/1VKbWRpwV2XXSJSZ2w534h
536,1978,Roxanne,The Police,Sex,http://open.spotify.com/track/4pe9XMdCpgblon0CrB9jtm
537,1978,Glad to Be Gay,Tom Robinson,Politics and protest,http://open.spotify.com/track/15mRglwFDmZEF5D0HfsiaQ
538,1978,Germ Free Adolescents,X-Ray Spex,Life and death,http://open.spotify.com/track/0h0TIuu7EHy43Cw3aEETjF
539,1979,Gimme! Gimme! Gimme! (A Man After Midnight),Abba,Sex,http://open.spotify.com/track/2TjNlK2tNBxF8C8RIaK9Gb
540,1979,Bourgie Bourgie ,Ashford and Simpson,Party songs,http://open.spotify.com/track/2qwFWKUwT7SqADAWtWEn1s
541,1979,One Way Or Another,Blondie,Heartbreak,http://open.spotify.com/track/5Q7cE6wGHMehLFo2ppkk5D
542,1979,Zimbabwe,Bob Marley and the Wailers,Politics and protest,http://open.spotify.com/track/3saDCpULymKQcyY8Ia0ULi
543,1979,Repetition,David Bowie,Heartbreak,http://open.spotify.com/track/6Q4S1KWuAg082DHm6BsazJ
544,1979,California Über Alles,Dead Kennedys,Politics and protest,http://open.spotify.com/track/5szJ8SMwQVEvvdk65w6M6g
545,1979,Boogie Wonderland,"Earth, Wind and Fire",Party songs,http://open.spotify.com/track/0jyElqUm59deyol951jPsr
546,1979,Are You Ready For Love,Elton John,Love,http://open.spotify.com/track/6TNHLD7QyX5KxdYmNwwDA6
547,1979,Cars,Gary Numan,People and places,http://open.spotify.com/track/3CKLPDN1AIOYa7QPpy6oDH
548,1979,Silly Games ,Janet Kay,Party songs,http://open.spotify.com/track/4sBBSqBIG5gnlx95QQj4XH
549,1979,Transmission,Joy Division,Party songs,http://open.spotify.com/track/69aXQyUnUC0BWgATlSWNB2
550,1979,Pop Muzik,M,Party songs,http://open.spotify.com/track/0SHbehTzk01RfLDVAVaCtA
551,1979,There But for the Grace of God,Machine,Party songs,
552,1979,Why’d Ya Do It?,Marianne Faithfull,Heartbreak,http://open.spotify.com/track/1XZLci5bjgHM5LC1Xs1cQe
553,1979,Don’t Stop ’Til You Get Enough,Michael Jackson,Party songs,http://open.spotify.com/track/5NWKkTdkHSZalDaorymVHQ
554,1979,Off the Wall,Michael Jackson,Party songs,http://open.spotify.com/track/2qfiBST2NqT6PXnwaW9Gbn
555,1979,Frederick,Patti Smith,Love,http://open.spotify.com/track/7AXFxcR4QfoTPaWinYCFB3
556,1979,"Another Brick in the Wall, Part II",Pink Floyd,Life and death,
557,1979,Stand Up for Judas,Roy Bailey,Politics and protest,
558,1979,On My Radio,Selector,Party songs,http://open.spotify.com/track/3Qmtadha85zkLH1H9EGi3u
559,1979,He’s the Greatest Dancer,Sister Sledge,Party songs,http://open.spotify.com/track/5MuNxNox3zTanAFIO5KcTl
560,1979,Lost in Music,Sister Sledge,Party songs,http://open.spotify.com/track/3FnkIp37lBYvHljKemR6zp
561,1979,Beat the Clock,Sparks,Party songs,
562,1979,Up the Junction,Squeeze,People and places,http://open.spotify.com/track/1zWLu0Glg7glW6ulCfDbeN
563,1979,London Calling,The Clash,People and places,http://open.spotify.com/track/6UxHw23oizTlIyolc4Alaz
564,1979,The Eton Rifles,The Jam,Politics and protest,http://open.spotify.com/track/3Q1p4GBjyj6n54oFBCicwB
565,1979,My Sharona,The Knack,Party songs,http://open.spotify.com/track/1FTnBp64Iy26qERGibjknm
566,1979,I’m in the Mood for Dancing,The Nolans,Party songs,http://open.spotify.com/track/5ZfCBpUOj3guBzjQIsDhIr
567,1979,Message in a Bottle,The Police,Life and death,http://open.spotify.com/track/33MxZySx17wtJmXUeQwrdG
568,1979,She is Beyond Good and Evil,The Pop Group,Love,http://open.spotify.com/track/2A99HGtYXdCZKYrvPqzA6v
569,1979,Brass in Pocket,The Pretenders,Party songs,http://open.spotify.com/track/3LRFgPsd8LwJb8TJchrAuO
570,1979,Nite Klub,The Specials,Party songs,http://open.spotify.com/track/2wpQZvvrg6zUBPPBdWgcLK
571,1979,Rapper’s Delight,The Sugarhill Gang,Party songs,http://open.spotify.com/track/1qb27ZTsi0gVxHteAjPOyD
572,1979,It’s All in the Game,Van Morrison,Heartbreak,http://open.spotify.com/track/4LPR6jSlFTTHavQVaYLfXR
573,1980,The Winner Takes It All,Abba,Heartbreak,http://open.spotify.com/track/1g1RLXmuXu7HpMA6gmiYve
574,1980,Back in Black,AC/DC,Party songs,
575,1980,You Shook Me All Night Long,AC/DC,Sex,
576,1980,Madness,Baggy Trousers,Life and death,
577,1980,Redemption Song,Bob Marley,Politics and protest,http://open.spotify.com/track/0RiNfhn21ykBakicd7igLK
578,1980,Whip It,Devo,Party songs,http://open.spotify.com/track/6QG0wcgoCsa9pqFyTg0rRO
579,1980,Geno,Dexys Midnight Runners,People and places,http://open.spotify.com/track/7gb626DDDHoiuVAGZEnlJk
580,1980,I’m Coming Out,Diana Ross,Politics and protest,http://open.spotify.com/track/0ew27xRdxSexrWbODuLfeE
581,1980,9 to 5,Dolly Parton,Life and death,http://open.spotify.com/track/5UWYJWoVXRpaLuzzXmHqg8
582,1980,High Fidelity ,Elvis Costello and the Attractions,Sex,http://open.spotify.com/track/0FKPuEwGl4zunq0HKcoxQ5
583,1980,"New York, New York",Frank Sinatra,People and places,http://open.spotify.com/track/4tMPwjAb9FYZ2HHgXj24LU
584,1980,Love Will Tear Us Apart,Joy Division,Heartbreak,http://open.spotify.com/track/2JO3HwMRPeya8bXbtbyPcf
585,1980,Army Dreamers,Kate Bush,Politics and protest,http://open.spotify.com/track/2duFyIqY9RHzOMruitwPkq
586,1980,Is It All Over My Face,Loose Joints,Party songs,
587,1980,On the Blanket,Mick Hanly with Christy Moore,Politics and protest,
588,1980,Shake Your Tailfeather,Ray Charles,Party songs,
589,1980,Master Blaster (Jammin),Stevie Wonder,People and places,http://open.spotify.com/track/3Q5K3AUwRshY9TSXxRk3IW
590,1980,Once in a Lifetime,Talking Heads,Life and death,http://open.spotify.com/track/7CIYGsVYYqUyNnwmU2bc32
591,1980,Stand Down Margaret,The Beat,Politics and protest,http://open.spotify.com/track/3Yhr8WrFPnwBFwxhFLUwzh
592,1980,Drug Train,The Cramps,Party songs,http://open.spotify.com/track/4a61QVxWahKxq40GtkcS3x
593,1980,Going Underground,The Jam,Politics and protest,http://open.spotify.com/track/0hhikHUpfUlMBRD2gSf0mu
594,1980,My Perfect Cousin,The Undertones,People and places,http://open.spotify.com/track/2YGzQWJGukgL3eXslK1okj
595,1980,Turning Japanese,The Vapors,Sex,http://open.spotify.com/track/30cHDhxUqgnHq78hv5UjMx
596,1980,Ruby’s Arms,Tom Waits,Heartbreak,http://open.spotify.com/track/0YUvSNoGzYp67QjLOmzVnW
597,1980,On the Road Again,Willie Nelson,People and places,http://open.spotify.com/track/3c4gb10sLoDr3OCoLIKRqm
598,1981,Tears Are Not Enough,ABC,Heartbreak,http://open.spotify.com/track/1DsmvwImEiDU0tLMOvOJZD
599,1981,Come Again,Au Pairs,Sex,
600,1981,Guilty,Barbra Streisand and Barry Gibb,Sex,http://open.spotify.com/track/60mGckXEG1EzR4VmjYLfEW
601,1981,Every Grain of Sand,Bob Dylan,Life and death,
602,1981,Cruisin’ the Streets,Boys Town Gang,Sex,
603,1981,Weekend,Class Action,Party songs,
604,1981,Just Can’t Get Enough,Depeche Mode,Party songs,http://open.spotify.com/track/4DAEaxpxKJy0Hq5mAiEnOO
605,1981,Nightclubbing,Grace Jones,Party songs,http://open.spotify.com/track/26aTdkjT06bukXYdJRuhtN
606,1981,Pull Up to the Bumper,Grace Jones,Sex,http://open.spotify.com/track/3nkuemN1DlyHYZCk5eZYLn
607,1981,Let’s Start II Dance Again,Hamilton Bohannon,Party songs,
608,1981,(We Don’t Need) This Fascist Groove Thang,Heaven 17,Politics and protest,http://open.spotify.com/track/05cKish3faAXVGK3B4wcwl
609,1981,Numbers/Computer World 2,Kraftwerk,Party songs,http://open.spotify.com/track/3WgqXxHygR2HMVDjwhy3rS
610,1981,Big City,Merle Haggard,People and places,http://open.spotify.com/track/2a57riblxsqxe1lV33JDTf
611,1981,Papa’s Got a Brand New Pigbag,Pigbag,Party songs,http://open.spotify.com/track/1t1kkvAe1iP5Xa6vCv3j9Z
612,1981,Back to My Roots,Richie Havens,Party songs,http://open.spotify.com/track/6PFsub5iIJwrBb8qBRqmiV
613,1981,Super Freak,Rick James,Sex,http://open.spotify.com/track/00FCfK15gIqylm8xeO4pjx
614,1981,Leave the Capitol,The Fall,People and places,
615,1981,Don’t You Want Me?,The Human League,Heartbreak,http://open.spotify.com/track/5lmYpa6EaVAKAlwxMf7q5c
616,1981,Ghost Town,The Specials,Politics and protest,http://open.spotify.com/track/7iOA86nwA7RF3GwMa93H0v
617,1982,The Look of Love,ABC,Love,http://open.spotify.com/track/78j3qTBdzcIiT3eS7XymoD
618,1982,Gun Shot,Anthony Johnson,Life and death,http://open.spotify.com/track/2H6mTlLxYjy4rMh2Rblvs5
619,1982,Jimmy Jimmy Aaja,Bappi Lahiri/Parvati Khan,Party songs,http://open.spotify.com/track/4I0v1IDuMR868pgT7y5PPM
620,1982,Come On Eileen,Dexys Midnight Runners,Sex,http://open.spotify.com/track/7L1h8TN56ynoes6aZ4kNs2
621,1982,The Message,Grandmaster Flash and the Furious Five,Politics and protest,http://open.spotify.com/track/5DuTNKFEjJIySAyJH1yNDU
622,1982,Night Nurse,Gregory Isaacs,Love,http://open.spotify.com/track/2lPfcRMRLffiBTwLA9S8Vc
623,1982,Last Night a DJ Saved My Life,Indeep,Party songs,
624,1982,I Love Rock’n’Roll,Joan Jett and the Blackhearts,Party songs,
625,1982,"Annie, I’m Not Your Daddy",Kid Creole and the Coconuts,Life and death,http://open.spotify.com/track/5paJLghWSGmEf6sY7LeYel
626,1982,Everybody,Madonna,Party songs,http://open.spotify.com/track/3i6PtDe9qmRDBEdSSpouBB
627,1982,Sexual Healing,Marvin Gaye,Sex,http://open.spotify.com/track/6PctvwtmRSIwmTc4HtBzJT
628,1982,Shipbuilding,Robert Wyatt,Politics and protest,
629,1982,Memorabilia,Soft Cell,Party songs,http://open.spotify.com/track/6nePlBdKTESydzjOEHt6vX
630,1982,Should I Stay Or Should I Go,The Clash,Heartbreak,http://open.spotify.com/track/0uwXVXNfzPJtpv3iCBAgDD
631,1982,Straight to Hell,The Clash,Politics and protest,http://open.spotify.com/track/7mjrA5T6KQ4sb0qSgUu5nJ
632,1982,Passion,The Flirts,Sex,
633,1982,Iron Maiden,The Number of the Beast,Life and death,http://open.spotify.com/track/7gs3FWszkPUxBogi7oyt1y
634,1982,Wham Rap! (Enjoy What You Do),Wham!,Politics and protest,http://open.spotify.com/track/0kA7p1R4Cx6CMpUG4tPKfI
635,1983,Girls Just Want to Have Fun,Cyndi Lauper,Party songs,http://open.spotify.com/track/7sMGwiS4vOMcz86ZY3vKYM
636,1983,Let’s Dance,David Bowie,Party songs,http://open.spotify.com/track/2nIuUXnHHzS3wymUhJdVa8
637,1983,I Guess That’s Why They Call it the Blues,Elton John,Heartbreak,http://open.spotify.com/track/4mno8GjYUVPW8rNgJsWLx6
638,1983,Who’s That Girl?,Eurythmics,Sex,http://open.spotify.com/track/0qO7FkKWdHPc1Si1Z2nLZm
639,1983,Relax,Frankie Goes to Hollywood,Sex,
640,1983,White Lines (Don’t Do It),Grandmaster Melle Mel,Party songs,
641,1983,Rokit,Herbie Hancock,Party songs,
642,1983,Flashdance,Irene Cara,Party songs,http://open.spotify.com/track/4H1wVutCHT8Pncz6jWjVrg
643,1983,All Night Long (All Night),Lionel Richie,Party songs,http://open.spotify.com/track/7HcIV2tSBj8O8RtGed2ViS
644,1983,Holiday,Madonna,Party songs,http://open.spotify.com/track/2T8cZAwbhrTVjGwZo5c7sK
645,1983,Buffalo Gals,Malcolm McLaren,Party songs,http://open.spotify.com/track/4gCo2r1gCEw70OAq9cF1uW
646,1983,Blue Monday,New Order,Heartbreak,http://open.spotify.com/track/6cxLRWPZQ6dmb0lJ5Ph8Tu
647,1983,The Late Great Johnny Ace,Paul Simon,People and places,http://open.spotify.com/track/5ach2WWI5RD1FOjDArNlRh
648,1983,1999,Prince,Party songs,http://open.spotify.com/track/4CEKJRYtYDp0GPzw9JGZYX
649,1983,Little Red Corvette,Prince,Sex,http://open.spotify.com/track/5sjTUwMJeAzGSCmpYJzgd4
650,1983,I Love LA,Randy Newman,People and places,
651,1983,Chicago,Roy Ayers,People and places,http://open.spotify.com/track/6mWaJR3Wz8XcujkKd48oy6
652,1983,Let the Music Play,Shannon,Party songs,http://open.spotify.com/track/5RgGHpa9S3txqJTxyRChx4
653,1983,Between the Sheets,The Isley Brothers,Sex,http://open.spotify.com/track/0RBg0YkVr7B6PGgK13PUhw
654,1983,Every Breath You Take,The Police,Heartbreak,http://open.spotify.com/track/0A4Btqar6Y5B4hfs9pZnSE
655,1983,This Is the Day,The The,Life and death,http://open.spotify.com/track/5O7RVmqK3AYoFfyeafxOqH
656,1983,In the Neighbourhood,Tom Waits,People and places,
657,1983,"Johnsburg, Illinois",Tom Waits,People and places,http://open.spotify.com/track/1Opgvak0Qc2kyLVLFbuu1V
658,1983,Sunday Bloody Sunday,U2,Politics and protest,http://open.spotify.com/track/7JLEWweiny60arxyKTKIwl
659,1983,Break Dance – Electric Boogie,West Street Mob,Party songs,
661,1984,Smalltown Boy,Bronski Beat,Politics and protest,http://open.spotify.com/track/1nz1xzqPN4xYZtR4zgiLxt
662,1984,Born in the USA,Bruce Springsteen,Politics and protest,http://open.spotify.com/track/36b2xkXNJKRCWeUrsC3jyQ
663,1984,No Surrender,Bruce Springsteen,Life and death,http://open.spotify.com/track/5eMjyo7t0lAl5PobsAqSe2
664,1984,The Killing Moon,Echo and the Bunnymen,Heartbreak,http://open.spotify.com/track/15049rGLXHwrWtE4euUb5C
665,1984,The Power of Love,Frankie Goes to Hollywood,Love,http://open.spotify.com/track/2CUoxqW5bw2WOZPExmFvk1
666,1984,Two Tribes,Frankie Goes To Hollywood,Politics and protest,
667,1984,Din Daa Daa,George Kranz,Party songs,
668,1984,Self Control,Laura Branigan,Party songs,http://open.spotify.com/track/4bpHayutj5AejSwtEpyvUR
669,1984,Fade to Black,Metallica,Life and death,
670,1984,Against All Odds (Take a Look at Me Now),Phil Collins,Heartbreak,http://open.spotify.com/track/5b6vClAj7N7VFLXEso3hEY
671,1984,Let’s Go Crazy,Prince,Party songs,http://open.spotify.com/track/7050AA1cNN8s3482pgx2bO
672,1984,When Doves Cry,Prince,Heartbreak,http://open.spotify.com/track/5OLaGD9QaSn2pRmBr6hYqb
673,1984,Darling Nikki,Prince and the Revolution,Sex,http://open.spotify.com/track/7bBT7pJXCyH5i7Y3AaiUNW
674,1984,Shout,Tears for Fears,Party songs,http://open.spotify.com/track/4E1n2cvH7Wb7xZ568rHHNy
675,1984,Drive,The Cars,People and places,http://open.spotify.com/track/2KjYhaRlB5NtCJ0JotvJhZ
676,1984,Streams of Whiskey,The Pogues,Party songs,http://open.spotify.com/track/4ftQUqPjuk4KtAIHqqYzmN
677,1984,Jump (For My Love),The Pointer Sisters,Party songs,http://open.spotify.com/track/59K6GctkD8lWljFYa8eE6D
678,1984,"Please, Please, Please Let Me Get What I Want",The Smiths,Heartbreak,
679,1984,Reel Around the Fountain,The Smiths,Sex,
680,1984,Free Nelson Mandela,The Special AKA,Politics and protest,http://open.spotify.com/track/57mY4qUaUegA3jvoyoz7oT
681,1984,Stop Bajon (Primavera),Tullio De Piscopo,Party songs,http://open.spotify.com/track/1JcmMYyRAbj00Q90oHBsBr
682,1985,Here I Come,Barrington Levy,Life and death,http://open.spotify.com/track/4oKntjpTrsvHoQSCv6SxPV
683,1985,Between the Wars,Billy Bragg,Politics and protest,
684,1985,I’m On Fire,Bruce Springsteen,Sex,http://open.spotify.com/track/0BDQUifzYaoHojBcnqwH7U
685,1985,Víctor Jara of Chile,Dick Gaughan,Politics and protest,
686,1985,We Care a Lot,Faith No More,Politics and protest,http://open.spotify.com/track/2bg3JPk02VNXWxEnrWHbSL
687,1985,Hounds of Love,Kate Bush,Love,
688,1985,Crazy For You,Madonna,Heartbreak,http://open.spotify.com/track/6idFcUh2Gc8wdtwuR0sfFN
689,1985,Material Girl,Madonna,Politics and protest,http://open.spotify.com/track/37HSCAcjOpQ31XRoeMCa60
690,1985,19,Paul Hardcastle,Politics and protest,http://open.spotify.com/track/1xZchmfxPkalmqr9i0E138
691,1985,West End Girls,Pet Shop Boys,People and places,http://open.spotify.com/track/5Dqik1P9toCJTLj5rEm78s
692,1985,Dirty Old Town,The Pogues,People and places,http://open.spotify.com/track/7IMYW63MR1U33kX7LOecPl
693,1985,Rainy Night in Soho,The Pogues,People and places,http://open.spotify.com/track/6vSHxP7R5Ml9zqyO2JM5v9
694,1985,How Soon Is Now?,The Smiths,Party songs,
695,1985,We Are the World,USA for Africa,Politics and protest,
696,1985,(Under Mi) Sleng Teng,Wayne Smith,Party songs,http://open.spotify.com/track/3l9oTzHXnAJcg4x2jU6DvX
697,1985,How Will I Know,Whitney Houston,Love,http://open.spotify.com/track/0xd9xioBzvbJ0KsqFUE1ob
698,1985,Saving All My Love for You,Whitney Houston,Sex,http://open.spotify.com/track/0659KEGBXXfDy2pbCtZ9Wd
699,1985,Asbestos Lead Asbestos,World Domination Enterprises,Politics and protest,
700,1986,Levi Stubbs’ Tears,Billy Bragg,People and places,
701,1986,Just Say No,Cast of Grange Hill,Politics and protest,
702,1986,I Hope You’re Happy Now,Elvis Costello and the Attractions,Heartbreak,http://open.spotify.com/track/0lJeIRRrwRmnkRWpjai96c
704,1986,I Want You,Elvis Costello and the Attractions,Sex,http://open.spotify.com/track/4LBnvKaSC9RqnFYA0LDIGt
705,1986,Jack of All Parades,Elvis Costello and the Attractions,Love,
706,1986,All I Want for Christmas Is a Dukla Prague Away Kit,Half Man Half Biscuit,Party songs,
707,1986,Give Me the Reason,Luther Vandross,Heartbreak,http://open.spotify.com/track/54yoy5MG6SVPB5wdneXAW7
708,1986,Bizarre Love Triangle,New Order,Sex,http://open.spotify.com/track/3IZYwVzsjbyw4QxbDmR3Sf
709,1986,Black Eyed Dog,Nick Drake,Life and death,http://open.spotify.com/track/5QU5nNPIPvNS0NtWLNfcuO
710,1986,Graceland,Paul Simon,People and places,http://open.spotify.com/track/0aeaKHM4KCULhqKk4QZzjT
711,1986,Sledgehammer,Peter Gabriel,Sex,
712,1986,Kiss,Prince and the Revolution,Sex,http://open.spotify.com/track/1XoOSVy4rHDyd6u8XbZ0s5
713,1986,Fall On Me ,REM,Politics and protest,http://open.spotify.com/track/3HiNG3o66L2FbsM8Y7Sg6D
714,1986,Don’t Leave Me This Way,The Communards,Heartbreak,http://open.spotify.com/track/6G27JoyRv8Ly085NkPIRWB
715,1986,I Know It’s Over,The Smiths,Heartbreak,
716,1986,There is a Light That Never Goes Out,The Smiths,Love,
717,1987,(You Gotta) Fight for Your Right (To Party),Beastie Boys,Party songs,http://open.spotify.com/track/47jYDzCytZHNQkCEfs8Dgf
718,1987,Someday,Ce Ce Rogers,Party songs,
719,1987,Pour Some Sugar on Me,Def Leppard,Love,
720,1987,I Want Your Sex,George Michael,Sex,http://open.spotify.com/track/4g4UjSFx9QCTt2mqJwr4fW
721,1987,Sweet Child O’ Mine,Guns N’ Roses,Love,http://open.spotify.com/track/5HzLcjDzlykkKC0rw2R6WJ
722,1987,These Important Years,Hüsker Dü,Life and death,http://open.spotify.com/track/3a70lhNaUyjEFp8LKlMpxU
723,1987,Baby Wants to Ride,Jamie Principle,Sex,
724,1987,True Faith,New Order,Party songs,http://open.spotify.com/track/1n8WaWEUZx3GeknGwh02DC
725,1987,King’s Cross,Pet Shop Boys,People and places,
726,1987,Acid Tracks,Phuture,Party songs,
727,1987,If I Was Your Girlfriend,Prince,Sex,http://open.spotify.com/track/6K3bHdKpYnFsWf0TpoEm1E
728,1987,Sign o’ the Times,Prince,Politics and protest,http://open.spotify.com/track/4Yenz5JZZOUiZSeyKY8bDz
729,1987,Bring the Noise,Public Enemy,Politics and protest,http://open.spotify.com/track/7Lc8L0BZVmxKT57OhQQesA
730,1987,The One I Love,REM,Heartbreak,http://open.spotify.com/track/3k5BXtsudQFynAlzYIzCgF
731,1987,Nude Photo,Rhythim Is Rhythim,Sex,
732,1987,Snowin’ on Raton,Townes Van Zandt,People and places,
733,1987,Exit,U2,Life and death,http://open.spotify.com/track/7EyUsCwlxmxIib6CWWSo76
734,1987,With Or Without You,U2,Heartbreak,http://open.spotify.com/track/2JZfTvWWtpaE8NohqRXqFr
735,1988,Death Is Not the End,Bob Dylan,Life and death,
736,1988,Stop the Violence,Boogie Down Productions,Politics and protest,
737,1988,Talking With Myself,Electribe 101,Party songs,http://open.spotify.com/track/3f51nzhw9mL1iUUYehPYCg
738,1988,Good Life,Inner City,Life and death,http://open.spotify.com/track/5sJiLlgQKBL81QCTOkoLB5
739,1988,Telephone Love,JC Lodge,Sex,http://open.spotify.com/track/3cWpbffv5WFX2g5n99L1th
740,1988,First We Take Manhattan,Leonard Cohen,People and places,http://open.spotify.com/track/6C7z72JkQtC08oKYLsz791
741,1988,Company Policy,Martin Carthy,Politics and protest,
742,1988,To Cry About,Mary Margaret O’Hara,Heartbreak,
743,1988,Deanna,Nick Cave and the Bad Seeds,Love,http://open.spotify.com/track/0XWoG02DaQES7ATCrbjx8D
744,1988,The Mercy Seat,Nick Cave and the Bad Seeds,Life and death,http://open.spotify.com/track/7i4motUtsM4VFIH5XEPJRR
745,1988,Fuck tha Police,NWA,Politics and protest,http://open.spotify.com/track/5Fdj7YRwgfP6HcIK0e8NP1
746,1988,Gigantic,Pixies,Sex,http://open.spotify.com/track/2WajMsuB3N7cv5SF12NJeX
747,1988,Christine,The House of Love,Heartbreak,
748,1988,Streets of Sorrow/Birmingham Six,The Pogues,Politics and protest,http://open.spotify.com/track/2k4Gltjyhvfe9yCHN99tyD
749,1988,Desire,U2,Sex,http://open.spotify.com/track/3caWBz55YTpETVOJvHBI6C
750,1989,Pacific State,808 State,Party songs,
751,1989,Love in an Elevator,Aerosmith,Sex,http://open.spotify.com/track/1SDr4rc6YRpaLDkJURW3sY
752,1989,Personal Jesus,Depeche Mode,Life and death,http://open.spotify.com/track/70CZdyut5PuhQWgf1lkGXX
753,1989,Tramp the Dirt Down,Elvis Costello,Politics and protest,http://open.spotify.com/track/2pvGHaskdT2ZrKlXCVr03g
754,1989,WFL (Think About the Future) ,Happy Mondays,Party songs,http://open.spotify.com/track/3xI5fXGrMMvn8EZIdYxW56
755,1989,Cher,If I Could Turn Back Time,Life and death,http://open.spotify.com/track/0A8HK5hV5SgywiKKrBPKDU
756,1989,"Don’t Come the Cowboy With Me, Sonny Jim!",Kirsty MacColl,Sex,http://open.spotify.com/track/2K0gFbHUwMJqXNfm7fJnRg
757,1989,French Kiss,Lil’ Louis,Sex,
758,1989,Rockin’ in the Free World,Neil Young,Politics and protest,http://open.spotify.com/track/66DoazlvE7LmUT47pfLQam
759,1989,Monkey Gone to Heaven,Pixies,Politics and protest,http://open.spotify.com/track/2VX2QRAGKPyqMZU8cFZ3Ib
760,1989,Fight the Power,Public Enemy,Politics and protest,http://open.spotify.com/track/3WsrkrLMD8vWmz5RyD6n9e
761,1989,Revolution,Spacemen 3,Politics and protest,
762,1989,Sueño Latino,Sueño Latino,Party songs,
763,1989,Love Shack,The B-52’s,Party songs,http://open.spotify.com/track/0OyTSpN4gGPSIDuGbKzMEu
764,1989,Song for Whoever,The Beautiful South,Love,http://open.spotify.com/track/7k00fu054zyIgHEpkq5rBL
765,1989,Disintegration,The Cure,Heartbreak,http://open.spotify.com/track/65QOLZaDsPoJp6nDi7Ln4l
766,1989,She Bangs the Drums,The Stone Roses,Love,http://open.spotify.com/track/5b6sFRZWMfcunej0zWE28r
767,1989,Wild Thing,Tone Loc,Sex,http://open.spotify.com/track/14xYQ6TjnKfEeAGl4C38oq
768,1989,Coney Island,Van Morrison,People and places,http://open.spotify.com/track/51uJPonFb6B4bjVXXIb6oR
769,1990,Some Things Last a Long Time,Daniel Johnston,Heartbreak,
770,1990,Groove Is in the Heart,Deee-Lite,Party songs,http://open.spotify.com/track/2UVLuddklEVak5PXgC7baA
771,1990,Bob’s Yer Uncle,Happy Mondays,Sex,http://open.spotify.com/track/7p9Dw7RS1uTJubzRGRGHLV
772,1990,Dead Homiez,Ice Cube,Life and death,http://open.spotify.com/track/69lcL9wMsC5TX0gtSZxX8h
773,1990,Work,John Cale and Lou Reed,Life and death,
774,1990,LFO,LFO,Party songs,
775,1990,Justify My Love,Madonna,Sex,http://open.spotify.com/track/5pIYRfMMlLw7NXg1ey8bRA
776,1990,Come Together,Primal Scream,Politics and protest,http://open.spotify.com/track/47VwP5BLMrkHLNX7Dx4f8L
777,1990,Let’s Talk About Sex,Salt-n-Pepa,Sex,
778,1990,Nothing Compares 2 U,Sinead O’Connor,Heartbreak,http://open.spotify.com/track/07iHAswcApphvyllRDQrEa
779,1991,Blind Willie McTell,Bob Dylan,People and places,http://open.spotify.com/track/2HT5jSAGQtNJ6nM8dhvrng
780,1991,I Touch Myself,Divinyls,Sex,http://open.spotify.com/track/6oNvmplQGUkmAh441Teows
781,1991,Mind Playing Tricks On Me,Geto Boys,Life and death,
782,1991,Safe from Harm,Massive Attack,Life and death,http://open.spotify.com/track/0Nj4Fadx3sCE0QtBvHKDhM
783,1991,OPP,Naughty by Nature,Sex,http://open.spotify.com/track/70zkTsvURu74HmCrEja7e4
784,1991,Lithium,Nirvana,Life and death,http://open.spotify.com/track/2DrEeo4eMULdAVe1U7P9PB
785,1991,Satan,Orbital,Life and death,
786,1991,Loaded,Primal Scream,Party songs,http://open.spotify.com/track/5uWCPq3jVOuiun7Uku3wiU
787,1991,Television: The Drug of the Nation,The Disposable Heroes of Hiphoprisy,Politics and protest,http://open.spotify.com/track/4ktMrTwZD42cZThzZlHcgT
788,1991,Where Were You,Vic Chesnutt,Heartbreak,
789,1992,Cop Killer,Body Count,Politics and protest,
790,1992,Jump Around,House of Pain,Party songs,http://open.spotify.com/track/2oTDOIAdsxPTE7yAp4YOcv
791,1992,Constant Craving,KD Lang,Love,http://open.spotify.com/track/77NdXr1ANwNkMEtgBNS2ZD
792,1992,Babies,Pulp,Sex,http://open.spotify.com/track/2g958u66qASAxbzoO5Vva3
793,1992,Sheffield: Sex City,Pulp,Sex,http://open.spotify.com/track/75DYVxFFKJ9sHiGlVB3vT9
794,1992,Killing in the Name,Rage Against the Machine,Politics and protest,http://open.spotify.com/track/2bzT8XRcAaQ3IZdrT6RogY
795,1992,Everybody Hurts,REM,Heartbreak,http://open.spotify.com/track/28AZM08WStiEXfqN065BvN
796,1992,The Internationale,Sheffield Socialist Choir,Politics and protest,
797,1992,100%,Sonic Youth,Life and death,http://open.spotify.com/track/22FuG2QEbazTAzzSBOULk4
798,1992,Swimsuit Issue,Sonic Youth,Politics and protest,http://open.spotify.com/track/0imXml1hX6wo9xGfCV6n8M
799,1992,The Drowners,Suede,Sex,http://open.spotify.com/track/05eSuaEKkmlvf0svK1QW1v
800,1992,Friday I’m in Love,The Cure,Love,http://open.spotify.com/track/6TaVUwd1GxmOcR337FZM75
801,1992,Out of Space,The Prodigy,Party songs,http://open.spotify.com/track/6XlhmDYOFPSWho2gib2F9z
802,1992,One,U2,Life and death,http://open.spotify.com/track/4lnFwlk4m7hhFHCWmMbLqW
803,1993,Big Time Sensuality,Björk,Party songs,http://open.spotify.com/track/2MaZUlTMFaTWYH7VnQL6rk
804,1993,For Tomorrow,Blur,People and places,http://open.spotify.com/track/6j8paOITkZ5Ybrg5osqeVk
805,1993,The Wedding Song,David Bowie,Love,http://open.spotify.com/track/0PUmT62MdJwmVf4sUjbHFW
806,1993,Stutter,Elastica,Sex,http://open.spotify.com/track/6R8t6SQX1692z5S112XMkJ
807,1993,Divorce Song,Liz Phair,Heartbreak,
808,1993,La Tristesse Durera (Scream to a Sigh),Manic Street Preachers,Life and death,http://open.spotify.com/track/0OqifMNuR0aWjFoQThlVAZ
809,1993,If That’s Your Boyfriend (He Wasn’t Last Night),Me’Shell Ndegeocello,Sex,http://open.spotify.com/track/1VUtTNkTTkFnlHZnkS8gEf
810,1993,Moon On Your Pyjamas,Paul Weller,Life and death,
811,1993,Wild Wood,Paul Weller,People and places,http://open.spotify.com/track/6YV6egaDLNWSxHenzsWE1y
812,1993,Animal Nitrate,Suede,Sex,http://open.spotify.com/track/5MQ5IbHbvjVvbKGXuwpu0b
813,1993,Keep Ya Head Up,Tupac,Politics and protest,http://open.spotify.com/track/73hn54pVkteT7E2CrdAlvU
814,1994,A Little Lost,Arthur Russell,Heartbreak,
815,1994,Girls and Boys,Blur,Sex,http://open.spotify.com/track/3Y23PZn79fu2uaefLBCJyz
816,1994,This Is a Low,Blur,Life and death,http://open.spotify.com/track/1aQZJlD0KtNgZBkC74mTkd
817,1994,The Man I Love,Kate Bush,Love,
818,1994,Oasis,Live Forever,Life and death,
819,1994,"The More You Ignore Me, The Closer I Get",Morrissey,Heartbreak,http://open.spotify.com/track/2ljH5Nxub9QIJ1WE1hsVU3
820,1994,Life’s a Bitch,Nas,Life and death,http://open.spotify.com/track/6s9Nl0vMsUhdYO1fbmrGQO
821,1994,Closer,Nine Inch Nails,Sex,http://open.spotify.com/track/5mHiMTaFI51iB533K7qjzG
822,1994,Cigarettes and Alcohol,Oasis,Party songs,
823,1994,Glory Box,Portishead,Life and death,http://open.spotify.com/track/1kP7mnqqSsCxmIqHnr2m20
824,1994,Sour Times,Portishead,Life and death,http://open.spotify.com/track/0vKW55N3nrlWCD4U3YTwaH
825,1994,Do You Remember the First Time?,Pulp,Sex,http://open.spotify.com/track/3rhITD3Q7qlOMCebBTHL8N
826,1994,I Seen a Man Die,Scarface,Life and death,
827,1994,Suicidal Thoughts,The Notorious BIG,Life and death,http://open.spotify.com/track/5k8VqtBhkbAYakV5ZEFYNo
828,1994,I’ll Stand By You,The Pretenders,Love,http://open.spotify.com/track/2bFG1ywgBAyZbJGMApTPfJ
829,1994,Let’s Get Married,The Proclaimers,Love,http://open.spotify.com/track/3P7bVGMkeVSJBOqQXPNJit
830,1994,Red Light Special,TLC,Sex,http://open.spotify.com/track/2p4kivh3HWz9TiyIuFuzlY
831,1994,Regulate,Warren G and Nate Dogg,Life and death,http://open.spotify.com/track/5EEOjaJyWvfMglmEwf9bG3
832,1995,Kehma Hi Kya,A R Rahman,Love,
833,1995,Brown Sugar,D’Angelo,Sex,http://open.spotify.com/track/3tyUh8UpK0PVu00AjbP1UG
834,1995,Da Funk,Daft Punk,Party songs,http://open.spotify.com/track/0MyY4WcN7DIfbSmp5yej5z
835,1995,Vaseline,Elastica,Sex,http://open.spotify.com/track/3CFreeQN3KprsAO9Io0MpP
836,1995,Missing (Todd Terry remix),Everything But the Girl,Heartbreak,http://open.spotify.com/track/0Y11QzoiLpdhPHAFcSJH9i
837,1995,Yes,McAlmont and Butler,Heartbreak,http://open.spotify.com/track/6joAGL5IuD66Qgcz049ObW
838,1995,You Do Something to Me,Paul Weller,Love,http://open.spotify.com/track/0qWQxgHDjlE1kcLP0SHkRK
839,1995,Common People,Pulp,People and places,http://open.spotify.com/track/3gc4sAYBuZDhbFfnauPqOf
840,1995,Sorted for Es and Wizz,Pulp,Party songs,http://open.spotify.com/track/6DEakx9CewGzF3u9UEyJvD
841,1995,You’ve Got a Friend,Randy Newman,Love,http://open.spotify.com/track/2O8YJmOg9lOgn5JNHF9Qi9
842,1995,I Wish,Skee-Lo,Party songs,
843,1995,Back for Good,Take That,Heartbreak,http://open.spotify.com/track/1cnoj3gWltCrWBZ77jZtmj
844,1996,The Boy Done Wrong Again,Belle and Sebastian,Heartbreak,http://open.spotify.com/track/4lNs7YerSrW3dxxWHDRSIs
845,1996,Fastlove,George Michael,Sex,http://open.spotify.com/track/5y0RtJTOSuy864erUivf0J
846,1996,Goodbye,Steve Earle,Heartbreak,
847,1996,The Man Don’t Give a Fuck,Super Furry Animals,Politics and protest,http://open.spotify.com/track/00QZGqUswem6nUiqAKs6Po
848,1996,Happiness,The Blue Nile,Life and death,http://open.spotify.com/track/4QNFOoqcwSW0gH9JURiPnV
849,1996,Wannabe,The Spice Girls,Love,http://open.spotify.com/track/1Je1IMUlBXcx1Fz0WE7oPT
850,1996,I Ain’t Mad at Cha,Tupac,Life and death,http://open.spotify.com/track/5IruGb6BKWcB7hpPnj4YQO
851,1997,Never Ever,All Saints,Heartbreak,http://open.spotify.com/track/7ziHnshbknkpFLDW5yGBjO
852,1997,Brimful of Asha,Cornershop,Party songs,http://open.spotify.com/track/3Zh5cecN8TqelTN30SJUww
853,1997,Between the Bars,Elliott Smith,Sex,http://open.spotify.com/track/6UgmVIVyznBDdkpqkKyc1O
854,1997,Far From Me,Nick Cave,Heartbreak,http://open.spotify.com/track/6CjDPROOVDYN4v1JuidAJE
855,1997,Paranoid Android,Radiohead,Life and death,http://open.spotify.com/track/2EuMREhmnIPQFaqXUH5yPu
856,1997,Broken Heart,Spiritualized,Heartbreak,
857,1997,Mo Money Mo Problems,The Notorious BIG,Life and death,http://open.spotify.com/track/2XncSBceg7BwEpbWVI6FLi
858,1997,Hail Mary,Tupac - as Makaveli,Life and death,http://open.spotify.com/track/2jNlqJV2GnmKosuuvJS8RY
859,1998,… Baby One More Time,Britney Spears,Sex,http://open.spotify.com/track/52SrRaRC2SlJ2dno1flkg2
860,1998,King of Bongo,Manu Chao,People and places,
861,1998,Heads High,Mr Vegas,Sex,http://open.spotify.com/track/4LCmlA4r2kaQ5d5Hld8y26
862,1998,No Regrets,Robbie Williams,Heartbreak,http://open.spotify.com/track/2h4Lh23FF8OQ8uGBnOdepy
863,1998,Gabriel,Roy Davis Jr,Party songs,
864,1998,Left Only With Love,Smog,Heartbreak,
865,1998,Weightless Again,The Handsome Family,Heartbreak,
866,1999,Windowlicker,Aphex Twin,Party songs,
867,1999,9pm (Till I Come),ATB,Party songs,http://open.spotify.com/track/1CgbwsrNDlFrRuk2ebQ7zr
868,1999,Say My Name,Destiny’s Child,Sex,http://open.spotify.com/track/2gSyc23Hua25fqSFpgAh6W
869,1999,Role Model,Eminem,Politics and protest,http://open.spotify.com/track/3mUVtVZZJXmjZTUBvfQ4ik
870,1999,Be Faithful,Fatman Scoop featuring the Crooklyn Clan,Party songs,
871,1999,Caught Out There,Kelis,Heartbreak,http://open.spotify.com/track/6UJbhZER5yrbaAG66rrr4Z
872,1999,Beautiful Stranger,Madonna,Party songs,http://open.spotify.com/track/0FEVHpFTuSJUY59YQjZm2G
873,1999,Got Your Money,Ol’ Dirty Bastard,Party songs,
874,1999,The Mountain,Steve Earle,People and places,
875,1999,Re-Rewind,The Artful Dodger featuring Craig David,Party songs,http://open.spotify.com/track/0rKbtHLiAeta9tnONNYlAC
876,1999,No Scrubs,TLC,Heartbreak,http://open.spotify.com/track/5iJUGd5boRXsCmW00B3Mtq
877,2000,Try Again,Aaliyah,Sex,http://open.spotify.com/track/2CM7CAL7aJ5WkPU0oGbA96
878,2000,The Shining,Badly Drawn Boy,Love,http://open.spotify.com/track/2PojSoZ94AIzp7fsz6wtMt
879,2000,American Skin (41 Shots),Bruce Springsteen and the E Street Band,Politics and protest,http://open.spotify.com/track/541WSNfHqYIzq61XXWQJJl
880,2000,Yellow,Coldplay,Love,http://open.spotify.com/track/3AJwUDP919kvQ9QcozQPxg
881,2000,Ms Jackson,OutKast,Life and death,http://open.spotify.com/track/7KAERELHmBqhdmVJHcgSrb
882,2000,Fuck the Pain Away,Peaches,Sex,http://open.spotify.com/track/1XHFob24QklIXtLRopKirJ
883,2000,Feel Good Hit of the Summer,Queens of the Stone Age,Party songs,http://open.spotify.com/track/48l5x5ghGRhz10rbuKrI0n
884,2000,O Death,Ralph Stanley,Life and death,
885,2000,Call Me on Your Way Back Home,Ryan Adams,Heartbreak,
886,2000,Dress Sexy at My Funeral,Smog,Life and death,
887,2000,Lonelier Than This,Steve Earle,Life and death,
888,2000,He Wasn’t Man Enough ,Toni Braxton,Heartbreak,http://open.spotify.com/track/2uHlwcSyNpekOl9EybwVaU
889,2001,Because I Got High,Afroman,Party songs,http://open.spotify.com/track/5ztUVSEAJKW6lw4X03ae48
890,2001,Can’t Get You Out of My Head,Kylie Minogue,Love,http://open.spotify.com/track/2HpWHLtZldOcDn5qzX8kb2
891,2001,4 My People,Missy Elliott,Party songs,http://open.spotify.com/track/2er94TdlKpJSMZSc8qha09
892,2001,One Minute Man,Missy Elliott,Sex,http://open.spotify.com/track/4SZG38k0cKCMrmpu2mPpD2
893,2001,Witness (1 Hope),Roots Manuva,Party songs,http://open.spotify.com/track/1qNpcgSkAWWbIBDDkwkqH1
894,2001,"New York, New York",Ryan Adams,People and places,http://open.spotify.com/track/6n0uVCp7GKgS0N7yCiIjYG
895,2001,Last Nite,The Strokes,Heartbreak,http://open.spotify.com/track/7kzKAuUzOITUauHAhoMoxA
896,2002,The Scientist,Coldplay,Heartbreak,http://open.spotify.com/track/75JFxkI2RXiU7L9VXzMkle
897,2002,We Are Your Friends,Justice v Simian,Party songs,http://open.spotify.com/track/2iJDCXpFPwxgFO6MBozHmb
898,2002,Losing My Edge,LCD Soundsystem,Life and death,http://open.spotify.com/track/57QpgJA1yNN5DyhYaN4x4p
899,2002,Ramblin’ Man ,Lemon Jelly,People and places,http://open.spotify.com/track/6gZy5D9PMscYWMM1VdvZZx
900,2002,Work It,Missy Elliott,Sex,http://open.spotify.com/track/5p3WoFtEm7HrRp8lKxKICu
901,2002,Khia,"My Neck, My Back (Lick It)",Sex,http://open.spotify.com/track/0XPLAWXQ03Tlk94CltCj9S
902,2002,Hot in Herre,Nelly,Party songs,http://open.spotify.com/track/652F9V2xyoY43Pj8urZ4zM
903,2002,Witness the Pitness,Pitman,Party songs,
904,2002,John Walker’s Blues,Steve Earle,Politics and protest,
905,2002,The Proud,Talib Kweli,Politics and protest,http://open.spotify.com/track/5TrG4AXuPoVnw7QQnira5J
906,2002,House of Jealous Lovers,The Rapture,Party songs,http://open.spotify.com/track/7lsMHdLHRRkGElzVPn91ZW
907,2002,Oops (Oh My),Tweet,Sex,
908,2003,Me and Giuliani Down By the Schoolyard (A True Story),!!!,Politics and protest,
909,2003,You Don’t Know My Name,Alicia Keys,Heartbreak,http://open.spotify.com/track/212BdBPNXcHSPyKtXMiiFF
910,2003,Stronger Than Me,Amy Winehouse,Heartbreak,http://open.spotify.com/track/5Q8nk53ZSOoCCoMHcyUj8X
911,2003,Crazy in Love,Beyoncé,Love,http://open.spotify.com/track/5IVuqXILoxVWvWEPm82Jxr
912,2003,Never Get Old,David Bowie,Life and death,
913,2003,I’m in the Mood Again,Elvis Costello,Love,http://open.spotify.com/track/5HWC5PWLas7xQsjQPoeDpo
914,2003,Warren Zevon,Keep Me in Your Heart,Life and death,
915,2003,Milkshake,Kelis,Sex,http://open.spotify.com/track/2cMTIlktg3M9mXYqCPqw1J
916,2003,Happy,Max Sedgley,Party songs,http://open.spotify.com/track/4hIwQWVYQ3SMSjkVXrMJKv
917,2003,Hey Ya!,OutKast,Party songs,http://open.spotify.com/track/4QhYssD3qdSGd5yqW0h7cI
918,2003,Ignition (Remix),R Kelly,Sex,http://open.spotify.com/track/7uN7snLDoM1WTmMcTxNreb
919,2003,The Man That I Am With My Man,The Hidden Cameras,Sex,http://open.spotify.com/track/4O1lOLB77K8jOilQOYnULt
920,2003,Mr Brightside,The Killers,Heartbreak,http://open.spotify.com/track/4ZefAE6wZ6BEATniPk4DWI
921,2003,No Children,The Mountain Goats,Heartbreak,http://open.spotify.com/track/6KyyTheVmJZsNdqwOj0MR3
922,2004,Either Side of the Same Town,Elvis Costello ,Heartbreak,http://open.spotify.com/track/1TDyLMqyVcFnN4Gwb2Lk25
923,2004,American Idiot,Green Day,Politics and protest,http://open.spotify.com/track/6nTiIhLmQ3FWhvrGafw2zj
924,2004,Since U Been Gone,Kelly Clarkson,Heartbreak,http://open.spotify.com/track/07r3phrnaEUfoaauHHQXj6
925,2004,Pow! (Forward),Lethal Bizzle,Party songs,http://open.spotify.com/track/37uFAVNwaRF7XUdByyJyNN
926,2004,23 Years Ago,Paul Westerberg,Life and death,http://open.spotify.com/track/40C20xZeOnu64jvXMTJ1ZL
927,2004,Emily,Stephen Fretwell,Heartbreak,http://open.spotify.com/track/3xC8ffyrb46M2xoyiAZijA
928,2004,Can’t Stand Me Now,The Libertines,Party songs,http://open.spotify.com/track/2cY5MaSgqNXLSkjGb5iRl1
929,2004,Dry Your Eyes,The Streets,Heartbreak,http://open.spotify.com/track/1DlCpos9Lj8pK6cYMRjipp
930,2004,The Day After Tomorrow,Tom Waits,Politics and protest,http://open.spotify.com/track/6ipRDQPnSMst9V3wVQjVGg
931,2005,I Bet You Look Good On the Dancefloor,Arctic Monkeys,Party songs,http://open.spotify.com/track/5U2OpjVE3r64Nm8tyR2T9S
932,2005,Bed is For Sleeping,Bonnie ‘Prince’ Billy and Matt Sweeney,Heartbreak,
933,2005,Lua,Bright Eyes,Heartbreak,http://open.spotify.com/track/5bGoxCHvVavcFeQnI6NvUz
934,2005,When the President Talks to God,Bright Eyes,Politics and protest,http://open.spotify.com/track/1ScpEIsS1pVNXWafHc3tat
935,2005,Black and White Town,Doves,People and places,http://open.spotify.com/track/1RJxjF2aOMi1JLJ9K2PUJj
936,2005,Station Approach,Elbow,People and places,
937,2005,Biology,Girls Aloud,Party songs,http://open.spotify.com/track/5gVFOj7whQCfMoXNXePOIt
938,2005,Dare,Gorillaz,Party songs,http://open.spotify.com/track/4Hff1IjRbLGeLgFgxvHflk
939,2005,Not On Top,Herman Düne,Life and death,
940,2005,Gold Digger,Kanye West,Heartbreak,http://open.spotify.com/track/5sSxgpqqZEAdwfRYVze4fU
941,2005,Bertie,Kate Bush,Life and death,http://open.spotify.com/track/1DoPTuunqTabblM4DTXBUT
942,2005,King Creosote,My Favourite Girl,Life and death,http://open.spotify.com/track/4oBGNxAAZzpPh1FiA6BPxj
943,2005,Coles Corner,Richard Hawley,People and places,http://open.spotify.com/track/5kGdayTmguCAZP87F56DUg
944,2005,BYOB,System Of A Down,Politics and protest,http://open.spotify.com/track/5b5R8oiVflR4vW9sFc8q3W
945,2005,16 Military Wives,The Decemberists,Politics and protest,http://open.spotify.com/track/5apLxy6Ko3gkOw8YtavIoe
946,2006,You Know I’m No Good,Amy Winehouse,Heartbreak,http://open.spotify.com/track/0u8ekDfiPVBsju2LBLvDvI
947,2006,A Certain Romance,Arctic Monkeys,People and places,http://open.spotify.com/track/1sW0hSskhK2o3okrBoNd57
948,2006,When The Sun Goes Down,Arctic Monkeys,Sex,http://open.spotify.com/track/2iuIqCjjPKg3DYwHHAo0kJ
949,2006,Let’s Make Love and Listen to Death from Above,CSS,Sex,http://open.spotify.com/track/4Cz17oLEdM9MY5BYtd0S2N
950,2006,Not Ready to Make Nice,Dixie Chicks,Politics and protest,http://open.spotify.com/track/65SgC0WRidtEYjWp4wwBDs
951,2006,My Very Best,Elbow,Heartbreak,
952,2006,Over and Over,Hot Chip,Party songs,http://open.spotify.com/track/6m5D7zGVbzAxceDXQTsRSX
953,2006,Running the World,Jarvis Cocker,Politics and protest,http://open.spotify.com/track/3vHqlBYlLgog7dOJn8K0Tu
954,2006,I’m Free From the Chain Gang Now,Johnny Cash,People and places,http://open.spotify.com/track/52HE6vtu3RydAcSDK3YuuN
955,2006,Smile,Lily Allen,Sex,http://open.spotify.com/track/1elLIGWtTXFm5NSRHDa4w1
956,2006,Feel It (In the Air Tonight),Naturally 7,Life and death,http://open.spotify.com/track/5tr7iRvlbeXhJxCsYpleIb
957,2006,Stuck Between Stations,The Hold Steady,Life and death,http://open.spotify.com/track/4wp6Zi8ugh2aso4J3XnXln
958,2006,You in the Sky,The Waterboys,Life and death,
959,2006,Harrowdown Hill,Thom Yorke,Politics and protest,http://open.spotify.com/track/2C3xIudHEjCIS5KT4JuM0b
960,2007,No One,Alicia Keys,Love,http://open.spotify.com/track/1exNQxJp0tHfKe85qUpRJF
961,2007,Windowsill,Arcade Fire,Politics and protest,http://open.spotify.com/track/4qkqZdYBTa5B5f6ppIXu37
962,2007,Fluorescent Adolescent,Arctic Monkeys,Life and death,http://open.spotify.com/track/1ng9LjmY5V6Wzk9HJqB9FI
963,2007,Night,Benga and Coki,Party songs,
964,2007,Thou Shalt Always Kill,Dan Le Sac vs Scroobius Pip,Politics and protest,http://open.spotify.com/track/2dG4zJhjTK9BkcQQTM9A57
965,2007,Daddy’s Gone,Glasvegas,Heartbreak,http://open.spotify.com/track/5Xkht48NOI9eirHjY7d87I
966,2007,No Pussy Blues,Grinderman,Sex,http://open.spotify.com/track/7hdfYPz4MaEcAH97E0S6vW
967,2007,Ur So Gay,Katy Perry,Heartbreak,http://open.spotify.com/track/5monag19nA467DCEUmE7Lq
968,2007,Golden Skans,Klaxons,Party songs,http://open.spotify.com/track/0RG6G9tAMdFRASUf31TRxr
969,2007,Someone Great,LCD Soundsystem,Life and death,http://open.spotify.com/track/2VGDntFPvgvqSiUf9ITEfW
970,2007,Bleeding Love,Leona Lewis,Heartbreak,http://open.spotify.com/track/6LtPIXlIzPOTF8vTecYjRe
971,2007,Rainin’ in Paradize,Manu Chao,Politics and protest,http://open.spotify.com/track/66gj35rWhKtwzTt4603exF
972,2007,Valerie,Mark Ronson featuring Amy Winehouse,Love,http://open.spotify.com/track/6wrRgHFLe5RgQLBVbnqCCe
973,2007,Dad’s Gonna Kill Me,Richard Thompson,Politics and protest,http://open.spotify.com/track/65fzTuQr4DhjQATlRq0u8Q
974,2007,Umbrella,Rihanna,Love,http://open.spotify.com/track/0dOAByk7pJESaNScxIr5wI
975,2007,Green Fields,"The Good, the Bad and the Queen",People and places,
976,2008,Another World,Antony and the Johnsons,Politics and protest,http://open.spotify.com/track/4ys9lQG6FGs7ikCGtRCSDt
977,2008,Flume,Bon Iver,Heartbreak,http://open.spotify.com/track/6WlS5FP9XcB410zta3C67v
978,2008,Fat As a Fiddle,Chris Difford,Life and death,
979,2008,The Cottager’s Reply,Chris Wood,Politics and protest,
980,2008,Warwick Avenue,Duffy ,Heartbreak,http://open.spotify.com/track/5Og47k4AHrotP2QP36p5iO
981,2008,One Day Like This,Elbow,Love,http://open.spotify.com/track/6PS9nzG6GUSPbD2A1xGWbm
982,2008,My Three Sons,Elvis Costello and the Imposters,Life and death,http://open.spotify.com/track/42dcvzRNIHgvWpKhjyTOlL
983,2008,Think About It (What Is Wrong With the World Today),Flight of the Conchords,Party songs,http://open.spotify.com/track/2X9FjhzcAdujUqalXXXD27
984,2008,Williams Blood (Aeroplane remix),Grace Jones,Party songs,
985,2008,All the Blowing-Themselves-Up Motherfuckers (Will Realise the Minute They Die That They Were Suckers),Julian Cope,Politics and protest,
986,2008,Say You Will ,Kanye West,Heartbreak,http://open.spotify.com/track/57wUNWELIZOReROLzol83e
987,2008,Sex On Fire,Kings of Leon,Sex,http://open.spotify.com/track/395C2pn0PdOYPzM4B1jLoO
988,2008,Electric Feel,MGMT,Sex,http://open.spotify.com/track/2eGHyarZyRvUgFI4d3G8GN
989,2008,Kids,MGMT,Party songs,http://open.spotify.com/track/2IAcYOEnZWTn3yR6LDslRY
990,2008,Paper Planes (DFA remix),MIA,Party songs,http://open.spotify.com/track/2UZ6MDDg3y5fTAzQU3YYfo
991,2008,Days of Fire,Nitin Sawhney,Politics and protest,
992,2008,A Few Words in Defense of Our Country,Randy Newman,People and places,http://open.spotify.com/track/1IWtqdxdgO1ThXjfjXnsSU
993,2008,Great DJ,The Ting Tings,Party songs,http://open.spotify.com/track/3kmSzP8JUM4kUwPWbOFwqA
994,2008,A Punk,Vampire Weekend,Party songs,http://open.spotify.com/track/0euZeG7kpPhtp4V6e8b9kC
