date,station,id,count
2020-01-01,FZS_ALTO,FZS_ALTO_3,1568
2020-01-01,FZS_ALTW,FZS_ALTW_3,367
2020-01-01,FZS_ARBO,FZS_ARBO_3,3194
2020-01-01,FZS_CASS,FZS_CASS_3,413
2020-01-01,FZS_HARD,FZS_HARD_3,1041
2020-01-01,FZS_LANN,FZS_LANN_3,3568
2020-01-01,FZS_LANS,FZS_LANS_3,4026
2020-01-01,FZS_LETD,FZS_LETD_3,1204
2020-01-01,FZS_LIMM,FZS_LIMM_3,4948
2020-01-01,FZS_MILI,FZS_MILI_3,1015
2020-01-01,FZS_MYTH,FZS_MYTH_3,395
2020-01-01,FZS_OHMO,FZS_OHMO_3,1295
2020-01-01,FZS_OHMW,FZS_OHMW_3,1404
2020-01-01,FZS_ZEHN,FZS_ZEHN_3,681
2020-01-02,FZS_ALTO,FZS_ALTO_4,1912
2020-01-02,FZS_ALTW,FZS_ALTW_4,377
2020-01-02,FZS_ARBO,FZS_ARBO_4,1712
2020-01-02,FZS_CASS,FZS_CASS_4,343
2020-01-02,FZS_HARD,FZS_HARD_4,1174
2020-01-02,FZS_LANN,FZS_LANN_4,2804
2020-01-02,FZS_LANS,FZS_LANS_4,3055
2020-01-02,FZS_LETD,FZS_LETD_4,1047
2020-01-02,FZS_LIMM,FZS_LIMM_4,4819
2020-01-02,FZS_MILI,FZS_MILI_4,1110
2020-01-02,FZS_MYTH,FZS_MYTH_4,222
2020-01-02,FZS_OHMO,FZS_OHMO_4,3140
2020-01-02,FZS_OHMW,FZS_OHMW_4,2787
2020-01-02,FZS_ZEHN,FZS_ZEHN_4,1037
2020-01-03,FZS_ALTO,FZS_ALTO_5,2826
2020-01-03,FZS_ALTW,FZS_ALTW_5,766
2020-01-03,FZS_ARBO,FZS_ARBO_5,2647
2020-01-03,FZS_CASS,FZS_CASS_5,491
2020-01-03,FZS_HARD,FZS_HARD_5,1545
2020-01-03,FZS_LANN,FZS_LANN_5,4477
2020-01-03,FZS_LANS,FZS_LANS_5,4648
2020-01-03,FZS_LETD,FZS_LETD_5,1170
2020-01-03,FZS_LIMM,FZS_LIMM_5,6571
2020-01-03,FZS_MILI,FZS_MILI_5,1851
2020-01-03,FZS_MYTH,FZS_MYTH_5,284
2020-01-03,FZS_OHMO,FZS_OHMO_5,3415
2020-01-03,FZS_OHMW,FZS_OHMW_5,4951
2020-01-03,FZS_ZEHN,FZS_ZEHN_5,1662
2020-01-04,FZS_ALTO,FZS_ALTO_6,2256
2020-01-04,FZS_ALTW,FZS_ALTW_6,439
2020-01-04,FZS_ARBO,FZS_ARBO_6,2302
2020-01-04,FZS_CASS,FZS_CASS_6,422
2020-01-04,FZS_HARD,FZS_HARD_6,1395
2020-01-04,FZS_LANN,FZS_LANN_6,4996
2020-01-04,FZS_LANS,FZS_LANS_6,5390
2020-01-04,FZS_LETD,FZS_LETD_6,1154
2020-01-04,FZS_LIMM,FZS_LIMM_6,6194
2020-01-04,FZS_MILI,FZS_MILI_6,1681
2020-01-04,FZS_MYTH,FZS_MYTH_6,266
2020-01-04,FZS_OHMO,FZS_OHMO_6,2906
2020-01-04,FZS_OHMW,FZS_OHMW_6,3668
2020-01-04,FZS_ZEHN,FZS_ZEHN_6,1596
2020-01-05,FZS_ALTO,FZS_ALTO_7,1959
2020-01-05,FZS_ALTW,FZS_ALTW_7,526
2020-01-05,FZS_ARBO,FZS_ARBO_7,4837
2020-01-05,FZS_CASS,FZS_CASS_7,2179
2020-01-05,FZS_HARD,FZS_HARD_7,2295
2020-01-05,FZS_LANN,FZS_LANN_7,4038
2020-01-05,FZS_LANS,FZS_LANS_7,4238
2020-01-05,FZS_LETD,FZS_LETD_7,3669
2020-01-05,FZS_LIMM,FZS_LIMM_7,3909
2020-01-05,FZS_MILI,FZS_MILI_7,1225
2020-01-05,FZS_MYTH,FZS_MYTH_7,882
2020-01-05,FZS_OHMO,FZS_OHMO_7,2486
2020-01-05,FZS_OHMW,FZS_OHMW_7,2134
2020-01-05,FZS_ZEHN,FZS_ZEHN_7,1097
2020-01-06,FZS_ALTO,FZS_ALTO_1,4148
2020-01-06,FZS_ALTW,FZS_ALTW_1,1055
2020-01-06,FZS_ARBO,FZS_ARBO_1,2632
2020-01-06,FZS_CASS,FZS_CASS_1,475
2020-01-06,FZS_HARD,FZS_HARD_1,2510
2020-01-06,FZS_LANN,FZS_LANN_1,5489
2020-01-06,FZS_LANS,FZS_LANS_1,5671
2020-01-06,FZS_LETD,FZS_LETD_1,1365
2020-01-06,FZS_LIMM,FZS_LIMM_1,4537
2020-01-06,FZS_MILI,FZS_MILI_1,2751
2020-01-06,FZS_MYTH,FZS_MYTH_1,303
2020-01-06,FZS_OHMO,FZS_OHMO_1,3828
2020-01-06,FZS_OHMW,FZS_OHMW_1,5542
2020-01-06,FZS_ZEHN,FZS_ZEHN_1,1880
2020-01-07,FZS_ALTO,FZS_ALTO_2,4275
2020-01-07,FZS_ALTW,FZS_ALTW_2,1293
2020-01-07,FZS_ARBO,FZS_ARBO_2,2653
2020-01-07,FZS_CASS,FZS_CASS_2,483
2020-01-07,FZS_HARD,FZS_HARD_2,2436
2020-01-07,FZS_LANN,FZS_LANN_2,6571
2020-01-07,FZS_LANS,FZS_LANS_2,6032
2020-01-07,FZS_LETD,FZS_LETD_2,1109
2020-01-07,FZS_LIMM,FZS_LIMM_2,5128
2020-01-07,FZS_MILI,FZS_MILI_2,2771
2020-01-07,FZS_MYTH,FZS_MYTH_2,373
2020-01-07,FZS_OHMO,FZS_OHMO_2,3677
2020-01-07,FZS_OHMW,FZS_OHMW_2,5740
2020-01-07,FZS_ZEHN,FZS_ZEHN_2,2131
2020-01-08,FZS_ALTO,FZS_ALTO_3,4107
2020-01-08,FZS_ALTW,FZS_ALTW_3,1138
2020-01-08,FZS_ARBO,FZS_ARBO_3,2814
2020-01-08,FZS_CASS,FZS_CASS_3,564
2020-01-08,FZS_HARD,FZS_HARD_3,2517
2020-01-08,FZS_LANN,FZS_LANN_3,6467
2020-01-08,FZS_LANS,FZS_LANS_3,6069
2020-01-08,FZS_LETD,FZS_LETD_3,1342
2020-01-08,FZS_LIMM,FZS_LIMM_3,4741
2020-01-08,FZS_MILI,FZS_MILI_3,2986
2020-01-08,FZS_MYTH,FZS_MYTH_3,391
2020-01-08,FZS_OHMO,FZS_OHMO_3,3864
2020-01-08,FZS_OHMW,FZS_OHMW_3,5723
2020-01-08,FZS_ZEHN,FZS_ZEHN_3,1992
2020-01-09,FZS_ALTO,FZS_ALTO_4,4525
2020-01-09,FZS_ALTW,FZS_ALTW_4,1242
2020-01-09,FZS_ARBO,FZS_ARBO_4,3090
2020-01-09,FZS_CASS,FZS_CASS_4,662
2020-01-09,FZS_HARD,FZS_HARD_4,2900
2020-01-09,FZS_LANN,FZS_LANN_4,7361
2020-01-09,FZS_LANS,FZS_LANS_4,6704
2020-01-09,FZS_LETD,FZS_LETD_4,1646
2020-01-09,FZS_LIMM,FZS_LIMM_4,4883
2020-01-09,FZS_MILI,FZS_MILI_4,3429
2020-01-09,FZS_MYTH,FZS_MYTH_4,452
2020-01-09,FZS_OHMO,FZS_OHMO_4,4227
2020-01-09,FZS_OHMW,FZS_OHMW_4,6343
2020-01-09,FZS_ZEHN,FZS_ZEHN_4,2054
2020-01-10,FZS_ALTO,FZS_ALTO_5,4328
2020-01-10,FZS_ALTW,FZS_ALTW_5,1222
2020-01-10,FZS_ARBO,FZS_ARBO_5,2966
2020-01-10,FZS_CASS,FZS_CASS_5,727
2020-01-10,FZS_HARD,FZS_HARD_5,2702
2020-01-10,FZS_LANN,FZS_LANN_5,8079
2020-01-10,FZS_LANS,FZS_LANS_5,7455
2020-01-10,FZS_LETD,FZS_LETD_5,1378
2020-01-10,FZS_LIMM,FZS_LIMM_5,6247
2020-01-10,FZS_MILI,FZS_MILI_5,3420
2020-01-10,FZS_MYTH,FZS_MYTH_5,393
2020-01-10,FZS_OHMO,FZS_OHMO_5,4157
2020-01-10,FZS_OHMW,FZS_OHMW_5,5812
2020-01-10,FZS_ZEHN,FZS_ZEHN_5,2000
2020-01-11,FZS_ALTO,FZS_ALTO_6,2733
2020-01-11,FZS_ALTW,FZS_ALTW_6,500
2020-01-11,FZS_ARBO,FZS_ARBO_6,3065
2020-01-11,FZS_CASS,FZS_CASS_6,686
2020-01-11,FZS_HARD,FZS_HARD_6,1787
2020-01-11,FZS_LANN,FZS_LANN_6,6844
2020-01-11,FZS_LANS,FZS_LANS_6,7118
2020-01-11,FZS_LETD,FZS_LETD_6,1617
2020-01-11,FZS_LIMM,FZS_LIMM_6,7109
2020-01-11,FZS_MILI,FZS_MILI_6,2793
2020-01-11,FZS_MYTH,FZS_MYTH_6,432
2020-01-11,FZS_OHMO,FZS_OHMO_6,4653
2020-01-11,FZS_OHMW,FZS_OHMW_6,4877
2020-01-11,FZS_ZEHN,FZS_ZEHN_6,1885
2020-01-12,FZS_ALTO,FZS_ALTO_7,2024
2020-01-12,FZS_ALTW,FZS_ALTW_7,531
2020-01-12,FZS_ARBO,FZS_ARBO_7,4820
2020-01-12,FZS_CASS,FZS_CASS_7,1944
2020-01-12,FZS_HARD,FZS_HARD_7,2128
2020-01-12,FZS_LANN,FZS_LANN_7,4675
2020-01-12,FZS_LANS,FZS_LANS_7,4916
2020-01-12,FZS_LETD,FZS_LETD_7,3433
2020-01-12,FZS_LIMM,FZS_LIMM_7,3731
2020-01-12,FZS_MILI,FZS_MILI_7,1459
2020-01-12,FZS_MYTH,FZS_MYTH_7,778
2020-01-12,FZS_OHMO,FZS_OHMO_7,2398
2020-01-12,FZS_OHMW,FZS_OHMW_7,2005
2020-01-12,FZS_ZEHN,FZS_ZEHN_7,975
2020-01-13,FZS_ALTO,FZS_ALTO_1,4324
2020-01-13,FZS_ALTW,FZS_ALTW_1,1062
2020-01-13,FZS_ARBO,FZS_ARBO_1,2546
2020-01-13,FZS_CASS,FZS_CASS_1,479
2020-01-13,FZS_HARD,FZS_HARD_1,2676
2020-01-13,FZS_LANN,FZS_LANN_1,6347
2020-01-13,FZS_LANS,FZS_LANS_1,6403
2020-01-13,FZS_LETD,FZS_LETD_1,1301
2020-01-13,FZS_LIMM,FZS_LIMM_1,4641
2020-01-13,FZS_MILI,FZS_MILI_1,3007
2020-01-13,FZS_MYTH,FZS_MYTH_1,348
2020-01-13,FZS_OHMO,FZS_OHMO_1,3924
2020-01-13,FZS_OHMW,FZS_OHMW_1,6019
2020-01-13,FZS_ZEHN,FZS_ZEHN_1,1972
2020-01-14,FZS_ALTO,FZS_ALTO_2,4617
2020-01-14,FZS_ALTW,FZS_ALTW_2,1360
2020-01-14,FZS_ARBO,FZS_ARBO_2,3307
2020-01-14,FZS_CASS,FZS_CASS_2,774
2020-01-14,FZS_HARD,FZS_HARD_2,2827
2020-01-14,FZS_LANN,FZS_LANN_2,7012
2020-01-14,FZS_LANS,FZS_LANS_2,6557
2020-01-14,FZS_LETD,FZS_LETD_2,1517
2020-01-14,FZS_LIMM,FZS_LIMM_2,5357
2020-01-14,FZS_MILI,FZS_MILI_2,3475
2020-01-14,FZS_MYTH,FZS_MYTH_2,462
2020-01-14,FZS_OHMO,FZS_OHMO_2,4614
2020-01-14,FZS_OHMW,FZS_OHMW_2,6582
2020-01-14,FZS_ZEHN,FZS_ZEHN_2,2260
2020-01-15,FZS_ALTO,FZS_ALTO_3,4594
2020-01-15,FZS_ALTW,FZS_ALTW_3,1279
2020-01-15,FZS_ARBO,FZS_ARBO_3,3388
2020-01-15,FZS_CASS,FZS_CASS_3,872
2020-01-15,FZS_HARD,FZS_HARD_3,2785
2020-01-15,FZS_LANN,FZS_LANN_3,7356
2020-01-15,FZS_LANS,FZS_LANS_3,6823
2020-01-15,FZS_LETD,FZS_LETD_3,1861
2020-01-15,FZS_LIMM,FZS_LIMM_3,5305
2020-01-15,FZS_MILI,FZS_MILI_3,3509
2020-01-15,FZS_MYTH,FZS_MYTH_3,477
2020-01-15,FZS_OHMO,FZS_OHMO_3,4091
2020-01-15,FZS_OHMW,FZS_OHMW_3,6562
2020-01-15,FZS_ZEHN,FZS_ZEHN_3,2186
2020-01-16,FZS_ALTO,FZS_ALTO_4,4658
2020-01-16,FZS_ALTW,FZS_ALTW_4,1110
2020-01-16,FZS_ARBO,FZS_ARBO_4,3259
2020-01-16,FZS_CASS,FZS_CASS_4,834
2020-01-16,FZS_HARD,FZS_HARD_4,2843
2020-01-16,FZS_LANN,FZS_LANN_4,6955
2020-01-16,FZS_LANS,FZS_LANS_4,7335
2020-01-16,FZS_LETD,FZS_LETD_4,1960
2020-01-16,FZS_LIMM,FZS_LIMM_4,5399
2020-01-16,FZS_MILI,FZS_MILI_4,3923
2020-01-16,FZS_MYTH,FZS_MYTH_4,508
2020-01-16,FZS_OHMO,FZS_OHMO_4,4100
2020-01-16,FZS_OHMW,FZS_OHMW_4,6338
2020-01-16,FZS_ZEHN,FZS_ZEHN_4,2242
2020-01-17,FZS_ALTO,FZS_ALTO_5,4267
2020-01-17,FZS_ALTW,FZS_ALTW_5,1019
2020-01-17,FZS_ARBO,FZS_ARBO_5,2517
2020-01-17,FZS_CASS,FZS_CASS_5,481
2020-01-17,FZS_HARD,FZS_HARD_5,2514
2020-01-17,FZS_LANN,FZS_LANN_5,6466
2020-01-17,FZS_LANS,FZS_LANS_5,6612
2020-01-17,FZS_LETD,FZS_LETD_5,1072
2020-01-17,FZS_LIMM,FZS_LIMM_5,5848
2020-01-17,FZS_MILI,FZS_MILI_5,3492
2020-01-17,FZS_MYTH,FZS_MYTH_5,379
2020-01-17,FZS_OHMO,FZS_OHMO_5,4875
2020-01-17,FZS_OHMW,FZS_OHMW_5,5696
2020-01-17,FZS_ZEHN,FZS_ZEHN_5,2150
2020-01-18,FZS_ALTO,FZS_ALTO_6,2784
2020-01-18,FZS_ALTW,FZS_ALTW_6,474
2020-01-18,FZS_ARBO,FZS_ARBO_6,3197
2020-01-18,FZS_CASS,FZS_CASS_6,921
2020-01-18,FZS_HARD,FZS_HARD_6,1899
2020-01-18,FZS_LANN,FZS_LANN_6,6906
2020-01-18,FZS_LANS,FZS_LANS_6,7668
2020-01-18,FZS_LETD,FZS_LETD_6,1966
2020-01-18,FZS_LIMM,FZS_LIMM_6,7488
2020-01-18,FZS_MILI,FZS_MILI_6,3686
2020-01-18,FZS_MYTH,FZS_MYTH_6,541
2020-01-18,FZS_OHMO,FZS_OHMO_6,4015
2020-01-18,FZS_OHMW,FZS_OHMW_6,4922
2020-01-18,FZS_ZEHN,FZS_ZEHN_6,1998
2020-01-19,FZS_ALTO,FZS_ALTO_7,2048
2020-01-19,FZS_ALTW,FZS_ALTW_7,426
2020-01-19,FZS_ARBO,FZS_ARBO_7,3538
2020-01-19,FZS_CASS,FZS_CASS_7,1217
2020-01-19,FZS_HARD,FZS_HARD_7,1741
2020-01-19,FZS_LANN,FZS_LANN_7,4433
2020-01-19,FZS_LANS,FZS_LANS_7,4714
2020-01-19,FZS_LETD,FZS_LETD_7,2320
2020-01-19,FZS_LIMM,FZS_LIMM_7,4328
2020-01-19,FZS_MILI,FZS_MILI_7,1283
2020-01-19,FZS_MYTH,FZS_MYTH_7,586
2020-01-19,FZS_OHMO,FZS_OHMO_7,2246
2020-01-19,FZS_OHMW,FZS_OHMW_7,1962
2020-01-19,FZS_ZEHN,FZS_ZEHN_7,930
2020-01-20,FZS_ALTO,FZS_ALTO_1,4281
2020-01-20,FZS_ALTW,FZS_ALTW_1,1033
2020-01-20,FZS_ARBO,FZS_ARBO_1,2927
2020-01-20,FZS_CASS,FZS_CASS_1,505
2020-01-20,FZS_HARD,FZS_HARD_1,2804
2020-01-20,FZS_LANN,FZS_LANN_1,5706
2020-01-20,FZS_LANS,FZS_LANS_1,6272
2020-01-20,FZS_LETD,FZS_LETD_1,1226
2020-01-20,FZS_LIMM,FZS_LIMM_1,4469
2020-01-20,FZS_MILI,FZS_MILI_1,3095
2020-01-20,FZS_MYTH,FZS_MYTH_1,466
2020-01-20,FZS_OHMO,FZS_OHMO_1,3655
2020-01-20,FZS_OHMW,FZS_OHMW_1,5717
2020-01-20,FZS_ZEHN,FZS_ZEHN_1,1827
2020-01-21,FZS_ALTO,FZS_ALTO_2,4650
2020-01-21,FZS_ALTW,FZS_ALTW_2,1448
2020-01-21,FZS_ARBO,FZS_ARBO_2,3103
2020-01-21,FZS_CASS,FZS_CASS_2,669
2020-01-21,FZS_HARD,FZS_HARD_2,2597
2020-01-21,FZS_LANN,FZS_LANN_2,6182
2020-01-21,FZS_LANS,FZS_LANS_2,6259
2020-01-21,FZS_LETD,FZS_LETD_2,1327
2020-01-21,FZS_LIMM,FZS_LIMM_2,5154
2020-01-21,FZS_MILI,FZS_MILI_2,3110
2020-01-21,FZS_MYTH,FZS_MYTH_2,394
2020-01-21,FZS_OHMO,FZS_OHMO_2,4037
2020-01-21,FZS_OHMW,FZS_OHMW_2,5952
2020-01-21,FZS_ZEHN,FZS_ZEHN_2,2321
2020-01-22,FZS_ALTO,FZS_ALTO_3,4217
2020-01-22,FZS_ALTW,FZS_ALTW_3,1110
2020-01-22,FZS_ARBO,FZS_ARBO_3,2372
2020-01-22,FZS_CASS,FZS_CASS_3,416
2020-01-22,FZS_HARD,FZS_HARD_3,2420
2020-01-22,FZS_LANN,FZS_LANN_3,6905
2020-01-22,FZS_LANS,FZS_LANS_3,6336
2020-01-22,FZS_LETD,FZS_LETD_3,1043
2020-01-22,FZS_LIMM,FZS_LIMM_3,5075
2020-01-22,FZS_MILI,FZS_MILI_3,2916
2020-01-22,FZS_MYTH,FZS_MYTH_3,342
2020-01-22,FZS_OHMO,FZS_OHMO_3,4258
2020-01-22,FZS_OHMW,FZS_OHMW_3,5447
2020-01-22,FZS_ZEHN,FZS_ZEHN_3,1910
2020-01-23,FZS_ALTO,FZS_ALTO_4,4248
2020-01-23,FZS_ALTW,FZS_ALTW_4,1003
2020-01-23,FZS_ARBO,FZS_ARBO_4,2220
2020-01-23,FZS_CASS,FZS_CASS_4,333
2020-01-23,FZS_HARD,FZS_HARD_4,2446
2020-01-23,FZS_LANN,FZS_LANN_4,6532
2020-01-23,FZS_LANS,FZS_LANS_4,6218
2020-01-23,FZS_LETD,FZS_LETD_4,957
2020-01-23,FZS_LIMM,FZS_LIMM_4,4823
2020-01-23,FZS_MILI,FZS_MILI_4,2780
2020-01-23,FZS_MYTH,FZS_MYTH_4,265
2020-01-23,FZS_OHMO,FZS_OHMO_4,4076
2020-01-23,FZS_OHMW,FZS_OHMW_4,5444
2020-01-23,FZS_ZEHN,FZS_ZEHN_4,1939
2020-01-24,FZS_ALTO,FZS_ALTO_5,4358
2020-01-24,FZS_ALTW,FZS_ALTW_5,1119
2020-01-24,FZS_ARBO,FZS_ARBO_5,2313
2020-01-24,FZS_CASS,FZS_CASS_5,470
2020-01-24,FZS_HARD,FZS_HARD_5,2586
2020-01-24,FZS_LANN,FZS_LANN_5,7235
2020-01-24,FZS_LANS,FZS_LANS_5,6954
2020-01-24,FZS_LETD,FZS_LETD_5,1252
2020-01-24,FZS_LIMM,FZS_LIMM_5,5986
2020-01-24,FZS_MILI,FZS_MILI_5,3041
2020-01-24,FZS_MYTH,FZS_MYTH_5,356
2020-01-24,FZS_OHMO,FZS_OHMO_5,5646
2020-01-24,FZS_OHMW,FZS_OHMW_5,6550
2020-01-24,FZS_ZEHN,FZS_ZEHN_5,2057
2020-01-25,FZS_ALTO,FZS_ALTO_6,2762
2020-01-25,FZS_ALTW,FZS_ALTW_6,489
2020-01-25,FZS_ARBO,FZS_ARBO_6,2239
2020-01-25,FZS_CASS,FZS_CASS_6,476
2020-01-25,FZS_HARD,FZS_HARD_6,1749
2020-01-25,FZS_LANN,FZS_LANN_6,6414
2020-01-25,FZS_LANS,FZS_LANS_6,6712
2020-01-25,FZS_LETD,FZS_LETD_6,1628
2020-01-25,FZS_LIMM,FZS_LIMM_6,7579
2020-01-25,FZS_MILI,FZS_MILI_6,2265
2020-01-25,FZS_MYTH,FZS_MYTH_6,415
2020-01-25,FZS_OHMO,FZS_OHMO_6,4653
2020-01-25,FZS_OHMW,FZS_OHMW_6,5190
2020-01-25,FZS_ZEHN,FZS_ZEHN_6,2000
2020-01-26,FZS_ALTO,FZS_ALTO_7,2200
2020-01-26,FZS_ALTW,FZS_ALTW_7,611
2020-01-26,FZS_ARBO,FZS_ARBO_7,3853
2020-01-26,FZS_CASS,FZS_CASS_7,1520
2020-01-26,FZS_HARD,FZS_HARD_7,2253
2020-01-26,FZS_LANN,FZS_LANN_7,4839
2020-01-26,FZS_LANS,FZS_LANS_7,4642
2020-01-26,FZS_LETD,FZS_LETD_7,3206
2020-01-26,FZS_LIMM,FZS_LIMM_7,3871
2020-01-26,FZS_MILI,FZS_MILI_7,1218
2020-01-26,FZS_MYTH,FZS_MYTH_7,647
2020-01-26,FZS_OHMO,FZS_OHMO_7,2190
2020-01-26,FZS_OHMW,FZS_OHMW_7,1916
2020-01-26,FZS_ZEHN,FZS_ZEHN_7,1077
2020-01-27,FZS_ALTO,FZS_ALTO_1,4425
2020-01-27,FZS_ALTW,FZS_ALTW_1,1243
2020-01-27,FZS_ARBO,FZS_ARBO_1,2722
2020-01-27,FZS_CASS,FZS_CASS_1,613
2020-01-27,FZS_HARD,FZS_HARD_1,2708
2020-01-27,FZS_LANN,FZS_LANN_1,6412
2020-01-27,FZS_LANS,FZS_LANS_1,5884
2020-01-27,FZS_LETD,FZS_LETD_1,1298
2020-01-27,FZS_LIMM,FZS_LIMM_1,4596
2020-01-27,FZS_MILI,FZS_MILI_1,3005
2020-01-27,FZS_MYTH,FZS_MYTH_1,374
2020-01-27,FZS_OHMO,FZS_OHMO_1,3800
2020-01-27,FZS_OHMW,FZS_OHMW_1,6026
2020-01-27,FZS_ZEHN,FZS_ZEHN_1,2099
2020-01-28,FZS_ALTO,FZS_ALTO_2,3832
2020-01-28,FZS_ALTW,FZS_ALTW_2,930
2020-01-28,FZS_ARBO,FZS_ARBO_2,1504
2020-01-28,FZS_CASS,FZS_CASS_2,292
2020-01-28,FZS_HARD,FZS_HARD_2,2112
2020-01-28,FZS_LANN,FZS_LANN_2,4574
2020-01-28,FZS_LANS,FZS_LANS_2,4902
2020-01-28,FZS_LETD,FZS_LETD_2,795
2020-01-28,FZS_LIMM,FZS_LIMM_2,4410
2020-01-28,FZS_MILI,FZS_MILI_2,2309
2020-01-28,FZS_MYTH,FZS_MYTH_2,278
2020-01-28,FZS_OHMO,FZS_OHMO_2,4159
2020-01-28,FZS_OHMW,FZS_OHMW_2,4905
2020-01-28,FZS_ZEHN,FZS_ZEHN_2,2113
2020-01-29,FZS_ALTO,FZS_ALTO_3,4252
2020-01-29,FZS_ALTW,FZS_ALTW_3,1073
2020-01-29,FZS_ARBO,FZS_ARBO_3,1435
2020-01-29,FZS_CASS,FZS_CASS_3,117
2020-01-29,FZS_HARD,FZS_HARD_3,2228
2020-01-29,FZS_LANN,FZS_LANN_3,5629
2020-01-29,FZS_LANS,FZS_LANS_3,5307
2020-01-29,FZS_LETD,FZS_LETD_3,848
2020-01-29,FZS_LIMM,FZS_LIMM_3,5344
2020-01-29,FZS_MILI,FZS_MILI_3,2509
2020-01-29,FZS_MYTH,FZS_MYTH_3,334
2020-01-29,FZS_OHMO,FZS_OHMO_3,4171
2020-01-29,FZS_OHMW,FZS_OHMW_3,5416
2020-01-29,FZS_ZEHN,FZS_ZEHN_3,1965
2020-01-30,FZS_ALTO,FZS_ALTO_4,4388
2020-01-30,FZS_ALTW,FZS_ALTW_4,1179
2020-01-30,FZS_ARBO,FZS_ARBO_4,2473
2020-01-30,FZS_CASS,FZS_CASS_4,652
2020-01-30,FZS_HARD,FZS_HARD_4,2595
2020-01-30,FZS_LANN,FZS_LANN_4,6539
2020-01-30,FZS_LANS,FZS_LANS_4,6273
2020-01-30,FZS_LETD,FZS_LETD_4,1307
2020-01-30,FZS_LIMM,FZS_LIMM_4,5389
2020-01-30,FZS_MILI,FZS_MILI_4,3249
2020-01-30,FZS_MYTH,FZS_MYTH_4,376
2020-01-30,FZS_OHMO,FZS_OHMO_4,5152
2020-01-30,FZS_OHMW,FZS_OHMW_4,6091
2020-01-30,FZS_ZEHN,FZS_ZEHN_4,2288
2020-01-31,FZS_ALTO,FZS_ALTO_5,4413
2020-01-31,FZS_ALTW,FZS_ALTW_5,1167
2020-01-31,FZS_ARBO,FZS_ARBO_5,3041
2020-01-31,FZS_CASS,FZS_CASS_5,751
2020-01-31,FZS_HARD,FZS_HARD_5,2556
2020-01-31,FZS_LANN,FZS_LANN_5,8183
2020-01-31,FZS_LANS,FZS_LANS_5,7860
2020-01-31,FZS_LETD,FZS_LETD_5,1751
2020-01-31,FZS_LIMM,FZS_LIMM_5,6311
2020-01-31,FZS_MILI,FZS_MILI_5,3515
2020-01-31,FZS_MYTH,FZS_MYTH_5,422
2020-01-31,FZS_OHMO,FZS_OHMO_5,4982
2020-01-31,FZS_OHMW,FZS_OHMW_5,6043
2020-01-31,FZS_ZEHN,FZS_ZEHN_5,2232
2020-02-01,FZS_ALTO,FZS_ALTO_6,2524
2020-02-01,FZS_ALTW,FZS_ALTW_6,492
2020-02-01,FZS_ARBO,FZS_ARBO_6,3182
2020-02-01,FZS_CASS,FZS_CASS_6,916
2020-02-01,FZS_HARD,FZS_HARD_6,1791
2020-02-01,FZS_LANN,FZS_LANN_6,6803
2020-02-01,FZS_LANS,FZS_LANS_6,7277
2020-02-01,FZS_LETD,FZS_LETD_6,1755
2020-02-01,FZS_LIMM,FZS_LIMM_6,7405
2020-02-01,FZS_MILI,FZS_MILI_6,2417
2020-02-01,FZS_MYTH,FZS_MYTH_6,486
2020-02-01,FZS_OHMO,FZS_OHMO_6,4718
2020-02-01,FZS_OHMW,FZS_OHMW_6,4457
2020-02-01,FZS_ZEHN,FZS_ZEHN_6,2051
2020-02-02,FZS_ALTO,FZS_ALTO_7,1908
2020-02-02,FZS_ALTW,FZS_ALTW_7,533
2020-02-02,FZS_ARBO,FZS_ARBO_7,2059
2020-02-02,FZS_CASS,FZS_CASS_7,539
2020-02-02,FZS_HARD,FZS_HARD_7,1223
2020-02-02,FZS_LANN,FZS_LANN_7,4418
2020-02-02,FZS_LANS,FZS_LANS_7,4325
2020-02-02,FZS_LETD,FZS_LETD_7,1391
2020-02-02,FZS_LIMM,FZS_LIMM_7,3424
2020-02-02,FZS_MILI,FZS_MILI_7,1138
2020-02-02,FZS_MYTH,FZS_MYTH_7,451
2020-02-02,FZS_OHMO,FZS_OHMO_7,2398
2020-02-02,FZS_OHMW,FZS_OHMW_7,1427
2020-02-02,FZS_ZEHN,FZS_ZEHN_7,957
2020-02-03,FZS_ALTO,FZS_ALTO_1,3856
2020-02-03,FZS_ALTW,FZS_ALTW_1,962
2020-02-03,FZS_ARBO,FZS_ARBO_1,1390
2020-02-03,FZS_CASS,FZS_CASS_1,252
2020-02-03,FZS_HARD,FZS_HARD_1,2245
2020-02-03,FZS_KATZ,FZS_KATZ_1,523
2020-02-03,FZS_LANN,FZS_LANN_1,4653
2020-02-03,FZS_LANS,FZS_LANS_1,4486
2020-02-03,FZS_LETD,FZS_LETD_1,741
2020-02-03,FZS_LIMM,FZS_LIMM_1,4360
2020-02-03,FZS_MILI,FZS_MILI_1,2263
2020-02-03,FZS_MYTH,FZS_MYTH_1,235
2020-02-03,FZS_OHMO,FZS_OHMO_1,3368
2020-02-03,FZS_OHMW,FZS_OHMW_1,2953
2020-02-03,FZS_ZEHN,FZS_ZEHN_1,2082
2020-02-04,FZS_ALTO,FZS_ALTO_2,3458
2020-02-04,FZS_ALTW,FZS_ALTW_2,737
2020-02-04,FZS_ARBO,FZS_ARBO_2,1637
2020-02-04,FZS_CASS,FZS_CASS_2,343
2020-02-04,FZS_HARD,FZS_HARD_2,2383
2020-02-04,FZS_KATZ,FZS_KATZ_2,292
2020-02-04,FZS_LANN,FZS_LANN_2,3508
2020-02-04,FZS_LANS,FZS_LANS_2,5367
2020-02-04,FZS_LETD,FZS_LETD_2,890
2020-02-04,FZS_LIMM,FZS_LIMM_2,3964
2020-02-04,FZS_MILI,FZS_MILI_2,2580
2020-02-04,FZS_MYTH,FZS_MYTH_2,346
2020-02-04,FZS_OHMO,FZS_OHMO_2,3441
2020-02-04,FZS_OHMW,FZS_OHMW_2,4381
2020-02-04,FZS_ZEHN,FZS_ZEHN_2,1801
2020-02-05,FZS_ALTO,FZS_ALTO_3,4407
2020-02-05,FZS_ALTW,FZS_ALTW_3,959
2020-02-05,FZS_ARBO,FZS_ARBO_3,2567
2020-02-05,FZS_CASS,FZS_CASS_3,639
2020-02-05,FZS_HARD,FZS_HARD_3,2603
2020-02-05,FZS_KATZ,FZS_KATZ_3,452
2020-02-05,FZS_LANN,FZS_LANN_3,6084
2020-02-05,FZS_LANS,FZS_LANS_3,6491
2020-02-05,FZS_LETD,FZS_LETD_3,1520
2020-02-05,FZS_LIMM,FZS_LIMM_3,4785
2020-02-05,FZS_MILI,FZS_MILI_3,3216
2020-02-05,FZS_MYTH,FZS_MYTH_3,466
2020-02-05,FZS_OHMO,FZS_OHMO_3,4257
2020-02-05,FZS_OHMW,FZS_OHMW_3,5385
2020-02-05,FZS_ZEHN,FZS_ZEHN_3,2053
2020-02-06,FZS_ALTO,FZS_ALTO_4,4294
2020-02-06,FZS_ALTW,FZS_ALTW_4,1193
2020-02-06,FZS_ARBO,FZS_ARBO_4,3115
2020-02-06,FZS_CASS,FZS_CASS_4,808
2020-02-06,FZS_HARD,FZS_HARD_4,2783
2020-02-06,FZS_KATZ,FZS_KATZ_4,398
2020-02-06,FZS_LANN,FZS_LANN_4,6630
2020-02-06,FZS_LANS,FZS_LANS_4,6741
2020-02-06,FZS_LETD,FZS_LETD_4,1648
2020-02-06,FZS_LIMM,FZS_LIMM_4,5211
2020-02-06,FZS_MILI,FZS_MILI_4,3622
2020-02-06,FZS_MYTH,FZS_MYTH_4,443
2020-02-06,FZS_OHMO,FZS_OHMO_4,5084
2020-02-06,FZS_OHMW,FZS_OHMW_4,6582
2020-02-06,FZS_ZEHN,FZS_ZEHN_4,2070
2020-02-07,FZS_ALTO,FZS_ALTO_5,4406
2020-02-07,FZS_ALTW,FZS_ALTW_5,1227
2020-02-07,FZS_ARBO,FZS_ARBO_5,3175
2020-02-07,FZS_CASS,FZS_CASS_5,1018
2020-02-07,FZS_HARD,FZS_HARD_5,2502
2020-02-07,FZS_KATZ,FZS_KATZ_5,501
2020-02-07,FZS_LANN,FZS_LANN_5,6753
2020-02-07,FZS_LANS,FZS_LANS_5,7210
2020-02-07,FZS_LETD,FZS_LETD_5,1812
2020-02-07,FZS_LIMM,FZS_LIMM_5,5749
2020-02-07,FZS_MILI,FZS_MILI_5,3369
2020-02-07,FZS_MYTH,FZS_MYTH_5,430
2020-02-07,FZS_OHMO,FZS_OHMO_5,5282
2020-02-07,FZS_OHMW,FZS_OHMW_5,6558
2020-02-07,FZS_ZEHN,FZS_ZEHN_5,2152
2020-02-08,FZS_ALTO,FZS_ALTO_6,2925
2020-02-08,FZS_ALTW,FZS_ALTW_6,702
2020-02-08,FZS_ARBO,FZS_ARBO_6,3786
2020-02-08,FZS_CASS,FZS_CASS_6,1099
2020-02-08,FZS_HARD,FZS_HARD_6,1803
2020-02-08,FZS_KATZ,FZS_KATZ_6,457
2020-02-08,FZS_LANN,FZS_LANN_6,6692
2020-02-08,FZS_LANS,FZS_LANS_6,7385
2020-02-08,FZS_LETD,FZS_LETD_6,2257
2020-02-08,FZS_LIMM,FZS_LIMM_6,7080
2020-02-08,FZS_MILI,FZS_MILI_6,2676
2020-02-08,FZS_MYTH,FZS_MYTH_6,408
2020-02-08,FZS_OHMO,FZS_OHMO_6,5309
2020-02-08,FZS_OHMW,FZS_OHMW_6,5747
2020-02-08,FZS_ZEHN,FZS_ZEHN_6,1954
2020-02-09,FZS_ALTO,FZS_ALTO_7,2069
2020-02-09,FZS_ALTW,FZS_ALTW_7,741
2020-02-09,FZS_ARBO,FZS_ARBO_7,5363
2020-02-09,FZS_CASS,FZS_CASS_7,2138
2020-02-09,FZS_HARD,FZS_HARD_7,1795
2020-02-09,FZS_KATZ,FZS_KATZ_7,785
2020-02-09,FZS_LANN,FZS_LANN_7,5055
2020-02-09,FZS_LANS,FZS_LANS_7,4808
2020-02-09,FZS_LETD,FZS_LETD_7,3475
2020-02-09,FZS_LIMM,FZS_LIMM_7,4431
2020-02-09,FZS_MILI,FZS_MILI_7,1409
2020-02-09,FZS_MYTH,FZS_MYTH_7,764
2020-02-09,FZS_OHMO,FZS_OHMO_7,2679
2020-02-09,FZS_OHMW,FZS_OHMW_7,2433
2020-02-09,FZS_ZEHN,FZS_ZEHN_7,1108
2020-02-10,FZS_ALTO,FZS_ALTO_1,3327
2020-02-10,FZS_ALTW,FZS_ALTW_1,885
2020-02-10,FZS_ARBO,FZS_ARBO_1,1462
2020-02-10,FZS_CASS,FZS_CASS_1,221
2020-02-10,FZS_HARD,FZS_HARD_1,1467
2020-02-10,FZS_KATZ,FZS_KATZ_1,138
2020-02-10,FZS_LANN,FZS_LANN_1,4117
2020-02-10,FZS_LANS,FZS_LANS_1,4177
2020-02-10,FZS_LETD,FZS_LETD_1,647
2020-02-10,FZS_LIMM,FZS_LIMM_1,3951
2020-02-10,FZS_MILI,FZS_MILI_1,1828
2020-02-10,FZS_MYTH,FZS_MYTH_1,144
2020-02-10,FZS_OHMO,FZS_OHMO_1,2841
2020-02-10,FZS_OHMW,FZS_OHMW_1,3499
2020-02-10,FZS_ZEHN,FZS_ZEHN_1,1711
2020-02-11,FZS_ALTO,FZS_ALTO_2,3800
2020-02-11,FZS_ALTW,FZS_ALTW_2,838
2020-02-11,FZS_ARBO,FZS_ARBO_2,1836
2020-02-11,FZS_CASS,FZS_CASS_2,305
2020-02-11,FZS_HARD,FZS_HARD_2,1646
2020-02-11,FZS_KATZ,FZS_KATZ_2,187
2020-02-11,FZS_LANN,FZS_LANN_2,4294
2020-02-11,FZS_LANS,FZS_LANS_2,4303
2020-02-11,FZS_LETD,FZS_LETD_2,696
2020-02-11,FZS_LIMM,FZS_LIMM_2,3636
2020-02-11,FZS_MILI,FZS_MILI_2,2179
2020-02-11,FZS_MYTH,FZS_MYTH_2,209
2020-02-11,FZS_OHMO,FZS_OHMO_2,3444
2020-02-11,FZS_OHMW,FZS_OHMW_2,3920
2020-02-11,FZS_ZEHN,FZS_ZEHN_2,1753
2020-02-12,FZS_ALTO,FZS_ALTO_3,3766
2020-02-12,FZS_ALTW,FZS_ALTW_3,1267
2020-02-12,FZS_ARBO,FZS_ARBO_3,2322
2020-02-12,FZS_CASS,FZS_CASS_3,482
2020-02-12,FZS_HARD,FZS_HARD_3,1835
2020-02-12,FZS_KATZ,FZS_KATZ_3,346
2020-02-12,FZS_LANN,FZS_LANN_3,5873
2020-02-12,FZS_LANS,FZS_LANS_3,5271
2020-02-12,FZS_LETD,FZS_LETD_3,1082
2020-02-12,FZS_LIMM,FZS_LIMM_3,4400
2020-02-12,FZS_MILI,FZS_MILI_3,2530
2020-02-12,FZS_MYTH,FZS_MYTH_3,310
2020-02-12,FZS_OHMO,FZS_OHMO_3,5047
2020-02-12,FZS_OHMW,FZS_OHMW_3,5561
2020-02-12,FZS_ZEHN,FZS_ZEHN_3,1951
2020-02-14,FZS_ALTO,FZS_ALTO_5,4038
2020-02-14,FZS_ARBO,FZS_ARBO_5,2444
2020-02-14,FZS_CASS,FZS_CASS_5,548
2020-02-14,FZS_HARD,FZS_HARD_5,1995
2020-02-14,FZS_KATZ,FZS_KATZ_5,314
2020-02-14,FZS_LANN,FZS_LANN_5,6418
2020-02-14,FZS_LANS,FZS_LANS_5,6566
2020-02-14,FZS_LETD,FZS_LETD_5,1257
2020-02-14,FZS_LIMM,FZS_LIMM_5,5478
2020-02-14,FZS_MILI,FZS_MILI_5,2623
2020-02-14,FZS_MYTH,FZS_MYTH_5,283
2020-02-14,FZS_OHMO,FZS_OHMO_5,4019
2020-02-14,FZS_OHMW,FZS_OHMW_5,4918
2020-02-14,FZS_ZEHN,FZS_ZEHN_5,2151
2020-02-15,FZS_ALTO,FZS_ALTO_6,2525
2020-02-15,FZS_ARBO,FZS_ARBO_6,4168
2020-02-15,FZS_CASS,FZS_CASS_6,1358
2020-02-15,FZS_HARD,FZS_HARD_6,1786
2020-02-15,FZS_KATZ,FZS_KATZ_6,570
2020-02-15,FZS_LANN,FZS_LANN_6,6500
2020-02-15,FZS_LANS,FZS_LANS_6,7465
2020-02-15,FZS_LETD,FZS_LETD_6,3081
2020-02-15,FZS_LIMM,FZS_LIMM_6,7101
2020-02-15,FZS_MILI,FZS_MILI_6,2551
2020-02-15,FZS_MYTH,FZS_MYTH_6,442
2020-02-15,FZS_OHMO,FZS_OHMO_6,3390
2020-02-15,FZS_OHMW,FZS_OHMW_6,4702
2020-02-15,FZS_ZEHN,FZS_ZEHN_6,1964
2020-02-16,FZS_ALTO,FZS_ALTO_7,1995
2020-02-16,FZS_ARBO,FZS_ARBO_7,4407
2020-02-16,FZS_CASS,FZS_CASS_7,1488
2020-02-16,FZS_HARD,FZS_HARD_7,1919
2020-02-16,FZS_KATZ,FZS_KATZ_7,710
2020-02-16,FZS_LANN,FZS_LANN_7,4951
2020-02-16,FZS_LANS,FZS_LANS_7,5105
2020-02-16,FZS_LETD,FZS_LETD_7,3111
2020-02-16,FZS_LIMM,FZS_LIMM_7,3971
2020-02-16,FZS_MILI,FZS_MILI_7,1219
2020-02-16,FZS_MYTH,FZS_MYTH_7,575
2020-02-16,FZS_OHMO,FZS_OHMO_7,2137
2020-02-16,FZS_OHMW,FZS_OHMW_7,2012
2020-02-16,FZS_ZEHN,FZS_ZEHN_7,999
2020-02-17,FZS_ALTO,FZS_ALTO_1,3998
2020-02-17,FZS_ARBO,FZS_ARBO_1,1763
2020-02-17,FZS_CASS,FZS_CASS_1,396
2020-02-17,FZS_HARD,FZS_HARD_1,1753
2020-02-17,FZS_KATZ,FZS_KATZ_1,305
2020-02-17,FZS_LANN,FZS_LANN_1,3903
2020-02-17,FZS_LANS,FZS_LANS_1,4865
2020-02-17,FZS_LETD,FZS_LETD_1,913
2020-02-17,FZS_LIMM,FZS_LIMM_1,3764
2020-02-17,FZS_MILI,FZS_MILI_1,2257
2020-02-17,FZS_MYTH,FZS_MYTH_1,288
2020-02-17,FZS_OHMO,FZS_OHMO_1,3966
2020-02-17,FZS_OHMW,FZS_OHMW_1,4322
2020-02-17,FZS_ZEHN,FZS_ZEHN_1,1846
2020-02-18,FZS_ALTO,FZS_ALTO_2,4359
2020-02-18,FZS_ARBO,FZS_ARBO_2,3157
2020-02-18,FZS_CASS,FZS_CASS_2,821
2020-02-18,FZS_HARD,FZS_HARD_2,2269
2020-02-18,FZS_KATZ,FZS_KATZ_2,411
2020-02-18,FZS_LANN,FZS_LANN_2,4635
2020-02-18,FZS_LANS,FZS_LANS_2,6328
2020-02-18,FZS_LETD,FZS_LETD_2,1607
2020-02-18,FZS_LIMM,FZS_LIMM_2,4838
2020-02-18,FZS_MILI,FZS_MILI_2,3145
2020-02-18,FZS_MYTH,FZS_MYTH_2,376
2020-02-18,FZS_OHMO,FZS_OHMO_2,3965
2020-02-18,FZS_OHMW,FZS_OHMW_2,5455
2020-02-18,FZS_ZEHN,FZS_ZEHN_2,2095
2020-02-19,FZS_ALTO,FZS_ALTO_3,3948
2020-02-19,FZS_ARBO,FZS_ARBO_3,1721
2020-02-19,FZS_CASS,FZS_CASS_3,424
2020-02-19,FZS_HARD,FZS_HARD_3,1766
2020-02-19,FZS_KATZ,FZS_KATZ_3,302
2020-02-19,FZS_LANN,FZS_LANN_3,4759
2020-02-19,FZS_LANS,FZS_LANS_3,5752
2020-02-19,FZS_LETD,FZS_LETD_3,1057
2020-02-19,FZS_LIMM,FZS_LIMM_3,4331
2020-02-19,FZS_MILI,FZS_MILI_3,2779
2020-02-19,FZS_MYTH,FZS_MYTH_3,280
2020-02-19,FZS_OHMO,FZS_OHMO_3,3912
2020-02-19,FZS_OHMW,FZS_OHMW_3,4478
2020-02-19,FZS_ZEHN,FZS_ZEHN_3,1887
2020-02-20,FZS_ALTO,FZS_ALTO_4,4416
2020-02-20,FZS_ARBO,FZS_ARBO_4,3086
2020-02-20,FZS_CASS,FZS_CASS_4,939
2020-02-20,FZS_HARD,FZS_HARD_4,2324
2020-02-20,FZS_KATZ,FZS_KATZ_4,491
2020-02-20,FZS_LANN,FZS_LANN_4,6679
2020-02-20,FZS_LANS,FZS_LANS_4,7365
2020-02-20,FZS_LETD,FZS_LETD_4,1957
2020-02-20,FZS_LIMM,FZS_LIMM_4,5266
2020-02-20,FZS_MILI,FZS_MILI_4,3475
2020-02-20,FZS_MYTH,FZS_MYTH_4,428
2020-02-20,FZS_OHMO,FZS_OHMO_4,4789
2020-02-20,FZS_OHMW,FZS_OHMW_4,5919
2020-02-20,FZS_ZEHN,FZS_ZEHN_4,2099
2020-02-21,FZS_ALTO,FZS_ALTO_5,4341
2020-02-21,FZS_ARBO,FZS_ARBO_5,2989
2020-02-21,FZS_CASS,FZS_CASS_5,815
2020-02-21,FZS_HARD,FZS_HARD_5,2006
2020-02-21,FZS_KATZ,FZS_KATZ_5,469
2020-02-21,FZS_LANN,FZS_LANN_5,5771
2020-02-21,FZS_LANS,FZS_LANS_5,7728
2020-02-21,FZS_LETD,FZS_LETD_5,2061
2020-02-21,FZS_LIMM,FZS_LIMM_5,5800
2020-02-21,FZS_MILI,FZS_MILI_5,3427
2020-02-21,FZS_MYTH,FZS_MYTH_5,407
2020-02-21,FZS_OHMO,FZS_OHMO_5,5575
2020-02-21,FZS_OHMW,FZS_OHMW_5,5900
2020-02-21,FZS_ZEHN,FZS_ZEHN_5,1994
2020-02-22,FZS_ALTO,FZS_ALTO_6,3021
2020-02-22,FZS_ARBO,FZS_ARBO_6,5094
2020-02-22,FZS_CASS,FZS_CASS_6,1684
2020-02-22,FZS_HARD,FZS_HARD_6,2203
2020-02-22,FZS_KATZ,FZS_KATZ_6,747
2020-02-22,FZS_LANN,FZS_LANN_6,6908
2020-02-22,FZS_LANS,FZS_LANS_6,8201
2020-02-22,FZS_LETD,FZS_LETD_6,3369
2020-02-22,FZS_LIMM,FZS_LIMM_6,7897
2020-02-22,FZS_MILI,FZS_MILI_6,2963
2020-02-22,FZS_MYTH,FZS_MYTH_6,619
2020-02-22,FZS_OHMO,FZS_OHMO_6,4657
2020-02-22,FZS_OHMW,FZS_OHMW_6,5377
2020-02-22,FZS_ZEHN,FZS_ZEHN_6,2023
2020-02-23,FZS_ALTO,FZS_ALTO_7,2226
2020-02-23,FZS_ARBO,FZS_ARBO_7,3250
2020-02-23,FZS_CASS,FZS_CASS_7,1286
2020-02-23,FZS_HARD,FZS_HARD_7,1829
2020-02-23,FZS_KATZ,FZS_KATZ_7,688
2020-02-23,FZS_LANN,FZS_LANN_7,5206
2020-02-23,FZS_LANS,FZS_LANS_7,5003
2020-02-23,FZS_LETD,FZS_LETD_7,2665
2020-02-23,FZS_LIMM,FZS_LIMM_7,4069
2020-02-23,FZS_MILI,FZS_MILI_7,1406
2020-02-23,FZS_MYTH,FZS_MYTH_7,561
2020-02-23,FZS_OHMO,FZS_OHMO_7,2409
2020-02-23,FZS_OHMW,FZS_OHMW_7,1848
2020-02-23,FZS_ZEHN,FZS_ZEHN_7,1125
2020-02-24,FZS_ALTO,FZS_ALTO_1,4629
2020-02-24,FZS_ARBO,FZS_ARBO_1,3769
2020-02-24,FZS_CASS,FZS_CASS_1,991
2020-02-24,FZS_HARD,FZS_HARD_1,3089
2020-02-24,FZS_KATZ,FZS_KATZ_1,647
2020-02-24,FZS_LANN,FZS_LANN_1,5132
2020-02-24,FZS_LANS,FZS_LANS_1,7367
2020-02-24,FZS_LETD,FZS_LETD_1,2203
2020-02-24,FZS_LIMM,FZS_LIMM_1,5717
2020-02-24,FZS_MILI,FZS_MILI_1,3397
2020-02-24,FZS_MYTH,FZS_MYTH_1,601
2020-02-24,FZS_OHMO,FZS_OHMO_1,3648
2020-02-24,FZS_OHMW,FZS_OHMW_1,5166
2020-02-24,FZS_ZEHN,FZS_ZEHN_1,2171
2020-02-25,FZS_ALTO,FZS_ALTO_2,4351
2020-02-25,FZS_ARBO,FZS_ARBO_2,2034
2020-02-25,FZS_CASS,FZS_CASS_2,498
2020-02-25,FZS_HARD,FZS_HARD_2,2294
2020-02-25,FZS_KATZ,FZS_KATZ_2,290
2020-02-25,FZS_LANN,FZS_LANN_2,3562
2020-02-25,FZS_LANS,FZS_LANS_2,6302
2020-02-25,FZS_LETD,FZS_LETD_2,1011
2020-02-25,FZS_LIMM,FZS_LIMM_2,4490
2020-02-25,FZS_MILI,FZS_MILI_2,3088
2020-02-25,FZS_MYTH,FZS_MYTH_2,356
2020-02-25,FZS_OHMO,FZS_OHMO_2,3568
2020-02-25,FZS_OHMW,FZS_OHMW_2,4607
2020-02-25,FZS_ZEHN,FZS_ZEHN_2,2150
2020-02-26,FZS_ALTO,FZS_ALTO_3,4238
2020-02-26,FZS_ARBO,FZS_ARBO_3,1616
2020-02-26,FZS_CASS,FZS_CASS_3,353
2020-02-26,FZS_HARD,FZS_HARD_3,2266
2020-02-26,FZS_KATZ,FZS_KATZ_3,240
2020-02-26,FZS_LANN,FZS_LANN_3,4265
2020-02-26,FZS_LANS,FZS_LANS_3,5277
2020-02-26,FZS_LETD,FZS_LETD_3,962
2020-02-26,FZS_LIMM,FZS_LIMM_3,4805
2020-02-26,FZS_MILI,FZS_MILI_3,2711
2020-02-26,FZS_MYTH,FZS_MYTH_3,267
2020-02-26,FZS_OHMO,FZS_OHMO_3,3743
2020-02-26,FZS_OHMW,FZS_OHMW_3,4465
2020-02-26,FZS_ZEHN,FZS_ZEHN_3,1840
2020-02-27,FZS_ALTO,FZS_ALTO_4,4147
2020-02-27,FZS_ARBO,FZS_ARBO_4,1738
2020-02-27,FZS_CASS,FZS_CASS_4,350
2020-02-27,FZS_HARD,FZS_HARD_4,2268
2020-02-27,FZS_KATZ,FZS_KATZ_4,251
2020-02-27,FZS_LANN,FZS_LANN_4,5330
2020-02-27,FZS_LANS,FZS_LANS_4,5481
2020-02-27,FZS_LETD,FZS_LETD_4,854
2020-02-27,FZS_LIMM,FZS_LIMM_4,5048
2020-02-27,FZS_MILI,FZS_MILI_4,2599
2020-02-27,FZS_MYTH,FZS_MYTH_4,362
2020-02-27,FZS_OHMO,FZS_OHMO_4,4721
2020-02-27,FZS_OHMW,FZS_OHMW_4,5239
2020-02-27,FZS_ZEHN,FZS_ZEHN_4,2000
2020-02-28,FZS_ALTO,FZS_ALTO_5,4738
2020-02-28,FZS_ARBO,FZS_ARBO_5,3400
2020-02-28,FZS_CASS,FZS_CASS_5,857
2020-02-28,FZS_HARD,FZS_HARD_5,2728
2020-02-28,FZS_KATZ,FZS_KATZ_5,448
2020-02-28,FZS_LANN,FZS_LANN_5,6513
2020-02-28,FZS_LANS,FZS_LANS_5,7310
2020-02-28,FZS_LETD,FZS_LETD_5,1856
2020-02-28,FZS_LIMM,FZS_LIMM_5,6394
2020-02-28,FZS_MILI,FZS_MILI_5,3430
2020-02-28,FZS_MYTH,FZS_MYTH_5,532
2020-02-28,FZS_OHMO,FZS_OHMO_5,4327
2020-02-28,FZS_OHMW,FZS_OHMW_5,6295
2020-02-28,FZS_ZEHN,FZS_ZEHN_5,2161
2020-02-29,FZS_ALTO,FZS_ALTO_6,2754
2020-02-29,FZS_ARBO,FZS_ARBO_6,3520
2020-02-29,FZS_CASS,FZS_CASS_6,1030
2020-02-29,FZS_HARD,FZS_HARD_6,1815
2020-02-29,FZS_KATZ,FZS_KATZ_6,556
2020-02-29,FZS_LANN,FZS_LANN_6,6219
2020-02-29,FZS_LANS,FZS_LANS_6,6585
2020-02-29,FZS_LETD,FZS_LETD_6,2067
2020-02-29,FZS_LIMM,FZS_LIMM_6,6529
2020-02-29,FZS_MILI,FZS_MILI_6,2281
2020-02-29,FZS_MYTH,FZS_MYTH_6,553
2020-02-29,FZS_OHMO,FZS_OHMO_6,3088
2020-02-29,FZS_OHMW,FZS_OHMW_6,3976
2020-02-29,FZS_ZEHN,FZS_ZEHN_6,1889
2020-03-01,FZS_ALTO,FZS_ALTO_7,2317
2020-03-01,FZS_ARBO,FZS_ARBO_7,6742
2020-03-01,FZS_CASS,FZS_CASS_7,2895
2020-03-01,FZS_HARD,FZS_HARD_7,2437
2020-03-01,FZS_KATZ,FZS_KATZ_7,1220
2020-03-01,FZS_LANN,FZS_LANN_7,4034
2020-03-01,FZS_LANS,FZS_LANS_7,4909
2020-03-01,FZS_LETD,FZS_LETD_7,4614
2020-03-01,FZS_LIMM,FZS_LIMM_7,4454
2020-03-01,FZS_MILI,FZS_MILI_7,1883
2020-03-01,FZS_MYTH,FZS_MYTH_7,1115
2020-03-01,FZS_OHMO,FZS_OHMO_7,1460
2020-03-01,FZS_OHMW,FZS_OHMW_7,1916
2020-03-01,FZS_ZEHN,FZS_ZEHN_7,926
2020-03-02,FZS_ALTO,FZS_ALTO_1,4250
2020-03-02,FZS_ARBO,FZS_ARBO_1,2004
2020-03-02,FZS_CASS,FZS_CASS_1,418
2020-03-02,FZS_HARD,FZS_HARD_1,2372
2020-03-02,FZS_KATZ,FZS_KATZ_1,323
2020-03-02,FZS_LANN,FZS_LANN_1,4330
2020-03-02,FZS_LANS,FZS_LANS_1,5114
2020-03-02,FZS_LETD,FZS_LETD_1,953
2020-03-02,FZS_LIMM,FZS_LIMM_1,4619
2020-03-02,FZS_MILI,FZS_MILI_1,2819
2020-03-02,FZS_MYTH,FZS_MYTH_1,323
2020-03-02,FZS_OHMO,FZS_OHMO_1,3719
2020-03-02,FZS_OHMW,FZS_OHMW_1,5332
2020-03-02,FZS_ZEHN,FZS_ZEHN_1,1796
2020-03-03,FZS_ALTO,FZS_ALTO_2,4559
2020-03-03,FZS_ARBO,FZS_ARBO_2,3044
2020-03-03,FZS_CASS,FZS_CASS_2,756
2020-03-03,FZS_HARD,FZS_HARD_2,2697
2020-03-03,FZS_KATZ,FZS_KATZ_2,471
2020-03-03,FZS_LANN,FZS_LANN_2,5505
2020-03-03,FZS_LANS,FZS_LANS_2,6538
2020-03-03,FZS_LETD,FZS_LETD_2,1541
2020-03-03,FZS_LIMM,FZS_LIMM_2,3449
2020-03-03,FZS_MILI,FZS_MILI_2,3076
2020-03-03,FZS_MYTH,FZS_MYTH_2,400
2020-03-03,FZS_OHMO,FZS_OHMO_2,3819
2020-03-03,FZS_OHMW,FZS_OHMW_2,5468
2020-03-03,FZS_ZEHN,FZS_ZEHN_2,1929
2020-03-04,FZS_ALTO,FZS_ALTO_3,4440
2020-03-04,FZS_ARBO,FZS_ARBO_3,2799
2020-03-04,FZS_CASS,FZS_CASS_3,838
2020-03-04,FZS_HARD,FZS_HARD_3,2803
2020-03-04,FZS_KATZ,FZS_KATZ_3,490
2020-03-04,FZS_LANN,FZS_LANN_3,5046
2020-03-04,FZS_LANS,FZS_LANS_3,6800
2020-03-04,FZS_LETD,FZS_LETD_3,1741
2020-03-04,FZS_LIMM,FZS_LIMM_3,4687
2020-03-04,FZS_MILI,FZS_MILI_3,3427
2020-03-04,FZS_MYTH,FZS_MYTH_3,496
2020-03-04,FZS_OHMO,FZS_OHMO_3,4121
2020-03-04,FZS_OHMW,FZS_OHMW_3,5826
2020-03-04,FZS_ZEHN,FZS_ZEHN_3,1937
2020-03-05,FZS_ALTO,FZS_ALTO_4,3858
2020-03-05,FZS_ARBO,FZS_ARBO_4,1377
2020-03-05,FZS_CASS,FZS_CASS_4,234
2020-03-05,FZS_HARD,FZS_HARD_4,2077
2020-03-05,FZS_KATZ,FZS_KATZ_4,209
2020-03-05,FZS_LANN,FZS_LANN_4,4558
2020-03-05,FZS_LANS,FZS_LANS_4,4734
2020-03-05,FZS_LETD,FZS_LETD_4,542
2020-03-05,FZS_LIMM,FZS_LIMM_4,4341
2020-03-05,FZS_MILI,FZS_MILI_4,2398
2020-03-05,FZS_MYTH,FZS_MYTH_4,284
2020-03-05,FZS_OHMO,FZS_OHMO_4,3572
2020-03-05,FZS_OHMW,FZS_OHMW_4,3373
2020-03-05,FZS_ZEHN,FZS_ZEHN_4,1840
2020-03-06,FZS_ALTO,FZS_ALTO_5,4115
2020-03-06,FZS_ARBO,FZS_ARBO_5,1736
2020-03-06,FZS_CASS,FZS_CASS_5,380
2020-03-06,FZS_HARD,FZS_HARD_5,2311
2020-03-06,FZS_KATZ,FZS_KATZ_5,280
2020-03-06,FZS_LANN,FZS_LANN_5,5859
2020-03-06,FZS_LANS,FZS_LANS_5,6294
2020-03-06,FZS_LETD,FZS_LETD_5,1014
2020-03-06,FZS_LIMM,FZS_LIMM_5,5437
2020-03-06,FZS_MILI,FZS_MILI_5,2698
2020-03-06,FZS_MYTH,FZS_MYTH_5,342
2020-03-06,FZS_OHMO,FZS_OHMO_5,3723
2020-03-06,FZS_OHMW,FZS_OHMW_5,4354
2020-03-06,FZS_ZEHN,FZS_ZEHN_5,1711
2020-03-07,FZS_ALTO,FZS_ALTO_6,2718
2020-03-07,FZS_ARBO,FZS_ARBO_6,2960
2020-03-07,FZS_CASS,FZS_CASS_6,965
2020-03-07,FZS_HARD,FZS_HARD_6,1843
2020-03-07,FZS_KATZ,FZS_KATZ_6,542
2020-03-07,FZS_LANN,FZS_LANN_6,6700
2020-03-07,FZS_LANS,FZS_LANS_6,9170
2020-03-07,FZS_LETD,FZS_LETD_6,2318
2020-03-07,FZS_LIMM,FZS_LIMM_6,7069
2020-03-07,FZS_MILI,FZS_MILI_6,2465
2020-03-07,FZS_MYTH,FZS_MYTH_6,522
2020-03-07,FZS_OHMO,FZS_OHMO_6,3415
2020-03-07,FZS_OHMW,FZS_OHMW_6,4802
2020-03-07,FZS_ZEHN,FZS_ZEHN_6,1481
2020-03-08,FZS_ALTO,FZS_ALTO_7,2227
2020-03-08,FZS_ARBO,FZS_ARBO_7,5462
2020-03-08,FZS_CASS,FZS_CASS_7,2310
2020-03-08,FZS_HARD,FZS_HARD_7,2271
2020-03-08,FZS_KATZ,FZS_KATZ_7,1308
2020-03-08,FZS_LANN,FZS_LANN_7,4460
2020-03-08,FZS_LANS,FZS_LANS_7,5651
2020-03-08,FZS_LETD,FZS_LETD_7,3804
2020-03-08,FZS_LIMM,FZS_LIMM_7,3742
2020-03-08,FZS_MILI,FZS_MILI_7,1629
2020-03-08,FZS_MYTH,FZS_MYTH_7,1057
2020-03-08,FZS_OHMO,FZS_OHMO_7,1690
2020-03-08,FZS_OHMW,FZS_OHMW_7,1940
2020-03-08,FZS_ZEHN,FZS_ZEHN_7,631
2020-03-09,FZS_ALTO,FZS_ALTO_1,4009
2020-03-09,FZS_ARBO,FZS_ARBO_1,1766
2020-03-09,FZS_CASS,FZS_CASS_1,377
2020-03-09,FZS_HARD,FZS_HARD_1,2311
2020-03-09,FZS_KATZ,FZS_KATZ_1,330
2020-03-09,FZS_LANN,FZS_LANN_1,4662
2020-03-09,FZS_LANS,FZS_LANS_1,5274
2020-03-09,FZS_LETD,FZS_LETD_1,1100
2020-03-09,FZS_LIMM,FZS_LIMM_1,4245
2020-03-09,FZS_MILI,FZS_MILI_1,2398
2020-03-09,FZS_MYTH,FZS_MYTH_1,282
2020-03-09,FZS_OHMO,FZS_OHMO_1,3446
2020-03-09,FZS_OHMW,FZS_OHMW_1,4784
2020-03-09,FZS_ZEHN,FZS_ZEHN_1,1282
2020-03-10,FZS_ALTO,FZS_ALTO_2,4031
2020-03-10,FZS_ARBO,FZS_ARBO_2,1534
2020-03-10,FZS_CASS,FZS_CASS_2,217
2020-03-10,FZS_HARD,FZS_HARD_2,2008
2020-03-10,FZS_KATZ,FZS_KATZ_2,279
2020-03-10,FZS_LANN,FZS_LANN_2,4868
2020-03-10,FZS_LANS,FZS_LANS_2,4631
2020-03-10,FZS_LETD,FZS_LETD_2,655
2020-03-10,FZS_LIMM,FZS_LIMM_2,2268
2020-03-10,FZS_MILI,FZS_MILI_2,2211
2020-03-10,FZS_MYTH,FZS_MYTH_2,309
2020-03-10,FZS_OHMO,FZS_OHMO_2,3343
2020-03-10,FZS_OHMW,FZS_OHMW_2,3988
2020-03-10,FZS_ZEHN,FZS_ZEHN_2,1312
2020-03-11,FZS_ALTO,FZS_ALTO_3,4164
2020-03-11,FZS_ARBO,FZS_ARBO_3,3419
2020-03-11,FZS_CASS,FZS_CASS_3,1061
2020-03-11,FZS_HARD,FZS_HARD_3,2850
2020-03-11,FZS_KATZ,FZS_KATZ_3,737
2020-03-11,FZS_LANN,FZS_LANN_3,7011
2020-03-11,FZS_LANS,FZS_LANS_3,7095
2020-03-11,FZS_LETD,FZS_LETD_3,2067
2020-03-11,FZS_LIMM,FZS_LIMM_3,4557
2020-03-11,FZS_MILI,FZS_MILI_3,2254
2020-03-11,FZS_MYTH,FZS_MYTH_3,576
2020-03-11,FZS_OHMO,FZS_OHMO_3,3730
2020-03-11,FZS_OHMW,FZS_OHMW_3,4474
2020-03-11,FZS_ZEHN,FZS_ZEHN_3,1483
2020-03-12,FZS_ALTO,FZS_ALTO_4,4195
2020-03-12,FZS_ARBO,FZS_ARBO_4,2913
2020-03-12,FZS_CASS,FZS_CASS_4,920
2020-03-12,FZS_HARD,FZS_HARD_4,2933
2020-03-12,FZS_KATZ,FZS_KATZ_4,606
2020-03-12,FZS_LANN,FZS_LANN_4,5935
2020-03-12,FZS_LANS,FZS_LANS_4,7480
2020-03-12,FZS_LETD,FZS_LETD_4,1847
2020-03-12,FZS_LIMM,FZS_LIMM_4,4095
2020-03-12,FZS_MILI,FZS_MILI_4,3465
2020-03-12,FZS_MYTH,FZS_MYTH_4,492
2020-03-12,FZS_OHMO,FZS_OHMO_4,3462
2020-03-12,FZS_OHMW,FZS_OHMW_4,4416
2020-03-12,FZS_ZEHN,FZS_ZEHN_4,1568
2020-03-13,FZS_ALTO,FZS_ALTO_5,4065
2020-03-13,FZS_ARBO,FZS_ARBO_5,2906
2020-03-13,FZS_CASS,FZS_CASS_5,798
2020-03-13,FZS_HARD,FZS_HARD_5,2769
2020-03-13,FZS_KATZ,FZS_KATZ_5,702
2020-03-13,FZS_LANN,FZS_LANN_5,5055
2020-03-13,FZS_LANS,FZS_LANS_5,7704
2020-03-13,FZS_LETD,FZS_LETD_5,1863
2020-03-13,FZS_LIMM,FZS_LIMM_5,4285
2020-03-13,FZS_MILI,FZS_MILI_5,3343
2020-03-13,FZS_MYTH,FZS_MYTH_5,449
2020-03-13,FZS_OHMO,FZS_OHMO_5,3437
2020-03-13,FZS_OHMW,FZS_OHMW_5,4452
2020-03-13,FZS_ZEHN,FZS_ZEHN_5,1554
2020-03-14,FZS_ALTO,FZS_ALTO_6,2435
2020-03-14,FZS_ARBO,FZS_ARBO_6,3082
2020-03-14,FZS_CASS,FZS_CASS_6,1162
2020-03-14,FZS_HARD,FZS_HARD_6,2117
2020-03-14,FZS_KATZ,FZS_KATZ_6,833
2020-03-14,FZS_LANN,FZS_LANN_6,5471
2020-03-14,FZS_LANS,FZS_LANS_6,6088
2020-03-14,FZS_LETD,FZS_LETD_6,2117
2020-03-14,FZS_LIMM,FZS_LIMM_6,4208
2020-03-14,FZS_MILI,FZS_MILI_6,1938
2020-03-14,FZS_MYTH,FZS_MYTH_6,498
2020-03-14,FZS_OHMO,FZS_OHMO_6,2498
2020-03-14,FZS_OHMW,FZS_OHMW_6,3460
2020-03-14,FZS_ZEHN,FZS_ZEHN_6,1521
2020-03-15,FZS_ALTO,FZS_ALTO_7,1890
2020-03-15,FZS_ARBO,FZS_ARBO_7,5814
2020-03-15,FZS_CASS,FZS_CASS_7,2908
2020-03-15,FZS_HARD,FZS_HARD_7,2842
2020-03-15,FZS_KATZ,FZS_KATZ_7,2341
2020-03-15,FZS_LANN,FZS_LANN_7,3916
2020-03-15,FZS_LANS,FZS_LANS_7,4554
2020-03-15,FZS_LETD,FZS_LETD_7,3916
2020-03-15,FZS_LIMM,FZS_LIMM_7,2741
2020-03-15,FZS_MILI,FZS_MILI_7,1303
2020-03-15,FZS_MYTH,FZS_MYTH_7,1227
2020-03-15,FZS_OHMO,FZS_OHMO_7,1254
2020-03-15,FZS_OHMW,FZS_OHMW_7,1443
2020-03-15,FZS_ZEHN,FZS_ZEHN_7,678
2020-03-16,FZS_ALTO,FZS_ALTO_1,3222
2020-03-16,FZS_ARBO,FZS_ARBO_1,2934
2020-03-16,FZS_CASS,FZS_CASS_1,1156
2020-03-16,FZS_HARD,FZS_HARD_1,2569
2020-03-16,FZS_KATZ,FZS_KATZ_1,1088
2020-03-16,FZS_LANN,FZS_LANN_1,4896
2020-03-16,FZS_LANS,FZS_LANS_1,6246
2020-03-16,FZS_LETD,FZS_LETD_1,2017
2020-03-16,FZS_LIMM,FZS_LIMM_1,3086
2020-03-16,FZS_MILI,FZS_MILI_1,2616
2020-03-16,FZS_MYTH,FZS_MYTH_1,596
2020-03-16,FZS_OHMO,FZS_OHMO_1,2888
2020-03-16,FZS_OHMW,FZS_OHMW_1,5019
2020-03-16,FZS_ZEHN,FZS_ZEHN_1,1570
2020-03-17,FZS_ALTO,FZS_ALTO_2,2468
2020-03-17,FZS_ARBO,FZS_ARBO_2,2960
2020-03-17,FZS_CASS,FZS_CASS_2,1314
2020-03-17,FZS_HARD,FZS_HARD_2,2658
2020-03-17,FZS_KATZ,FZS_KATZ_2,1273
2020-03-17,FZS_LANN,FZS_LANN_2,3842
2020-03-17,FZS_LANS,FZS_LANS_2,4358
2020-03-17,FZS_LETD,FZS_LETD_2,2046
2020-03-17,FZS_LIMM,FZS_LIMM_2,1585
2020-03-17,FZS_MILI,FZS_MILI_2,1736
2020-03-17,FZS_MYTH,FZS_MYTH_2,680
2020-03-17,FZS_OHMO,FZS_OHMO_2,1771
2020-03-17,FZS_OHMW,FZS_OHMW_2,2589
2020-03-17,FZS_ZEHN,FZS_ZEHN_2,1192
2020-03-18,FZS_ALTO,FZS_ALTO_3,2425
2020-03-18,FZS_ARBO,FZS_ARBO_3,3349
2020-03-18,FZS_CASS,FZS_CASS_3,1542
2020-03-18,FZS_HARD,FZS_HARD_3,3008
2020-03-18,FZS_KATZ,FZS_KATZ_3,1755
2020-03-18,FZS_LANN,FZS_LANN_3,4044
2020-03-18,FZS_LANS,FZS_LANS_3,4454
2020-03-18,FZS_LETD,FZS_LETD_3,2211
2020-03-18,FZS_LIMM,FZS_LIMM_3,1481
2020-03-18,FZS_MILI,FZS_MILI_3,1405
2020-03-18,FZS_MYTH,FZS_MYTH_3,830
2020-03-18,FZS_OHMO,FZS_OHMO_3,1589
2020-03-18,FZS_OHMW,FZS_OHMW_3,2961
2020-03-18,FZS_ZEHN,FZS_ZEHN_3,1199
2020-03-19,FZS_ALTO,FZS_ALTO_4,2250
2020-03-19,FZS_ARBO,FZS_ARBO_4,3228
2020-03-19,FZS_CASS,FZS_CASS_4,1488
2020-03-19,FZS_HARD,FZS_HARD_4,2693
2020-03-19,FZS_KATZ,FZS_KATZ_4,1762
2020-03-19,FZS_LANN,FZS_LANN_4,3822
2020-03-19,FZS_LANS,FZS_LANS_4,4318
2020-03-19,FZS_LETD,FZS_LETD_4,1966
2020-03-19,FZS_LIMM,FZS_LIMM_4,1105
2020-03-19,FZS_MILI,FZS_MILI_4,1274
2020-03-19,FZS_MYTH,FZS_MYTH_4,813
2020-03-19,FZS_OHMO,FZS_OHMO_4,1415
2020-03-19,FZS_OHMW,FZS_OHMW_4,2742
2020-03-19,FZS_ZEHN,FZS_ZEHN_4,1081
2020-03-20,FZS_ALTO,FZS_ALTO_5,2103
2020-03-20,FZS_ARBO,FZS_ARBO_5,1909
2020-03-20,FZS_CASS,FZS_CASS_5,1200
2020-03-20,FZS_HARD,FZS_HARD_5,2225
2020-03-20,FZS_KATZ,FZS_KATZ_5,1413
2020-03-20,FZS_LANN,FZS_LANN_5,3297
2020-03-20,FZS_LANS,FZS_LANS_5,3989
2020-03-20,FZS_LETD,FZS_LETD_5,1089
2020-03-20,FZS_LIMM,FZS_LIMM_5,1304
2020-03-20,FZS_MILI,FZS_MILI_5,967
2020-03-20,FZS_MYTH,FZS_MYTH_5,683
2020-03-20,FZS_OHMO,FZS_OHMO_5,1265
2020-03-20,FZS_OHMW,FZS_OHMW_5,2227
2020-03-20,FZS_ZEHN,FZS_ZEHN_5,1141
2020-03-21,FZS_ALTO,FZS_ALTO_6,1226
2020-03-21,FZS_ARBO,FZS_ARBO_6,464
2020-03-21,FZS_CASS,FZS_CASS_6,775
2020-03-21,FZS_HARD,FZS_HARD_6,1796
2020-03-21,FZS_KATZ,FZS_KATZ_6,798
2020-03-21,FZS_LANN,FZS_LANN_6,1783
2020-03-21,FZS_LANS,FZS_LANS_6,2635
2020-03-21,FZS_LETD,FZS_LETD_6,11
2020-03-21,FZS_LIMM,FZS_LIMM_6,1479
2020-03-21,FZS_MILI,FZS_MILI_6,658
2020-03-21,FZS_MYTH,FZS_MYTH_6,347
2020-03-21,FZS_OHMO,FZS_OHMO_6,710
2020-03-21,FZS_OHMW,FZS_OHMW_6,1170
2020-03-21,FZS_ZEHN,FZS_ZEHN_6,839
2020-03-22,FZS_ALTO,FZS_ALTO_7,1152
2020-03-22,FZS_ARBO,FZS_ARBO_7,188
2020-03-22,FZS_CASS,FZS_CASS_7,1006
2020-03-22,FZS_HARD,FZS_HARD_7,1920
2020-03-22,FZS_KATZ,FZS_KATZ_7,1241
2020-03-22,FZS_LANN,FZS_LANN_7,1916
2020-03-22,FZS_LANS,FZS_LANS_7,2109
2020-03-22,FZS_LETD,FZS_LETD_7,11
2020-03-22,FZS_LIMM,FZS_LIMM_7,706
2020-03-22,FZS_MILI,FZS_MILI_7,480
2020-03-22,FZS_MYTH,FZS_MYTH_7,408
2020-03-22,FZS_OHMO,FZS_OHMO_7,440
2020-03-22,FZS_OHMW,FZS_OHMW_7,520
2020-03-22,FZS_ZEHN,FZS_ZEHN_7,255
2020-03-23,FZS_ALTO,FZS_ALTO_1,1777
2020-03-23,FZS_ARBO,FZS_ARBO_1,361
2020-03-23,FZS_CASS,FZS_CASS_1,869
2020-03-23,FZS_HARD,FZS_HARD_1,2153
2020-03-23,FZS_KATZ,FZS_KATZ_1,986
2020-03-23,FZS_LANN,FZS_LANN_1,2753
2020-03-23,FZS_LANS,FZS_LANS_1,3364
2020-03-23,FZS_LETD,FZS_LETD_1,12
2020-03-23,FZS_LIMM,FZS_LIMM_1,1013
2020-03-23,FZS_MILI,FZS_MILI_1,977
2020-03-23,FZS_MYTH,FZS_MYTH_1,445
2020-03-23,FZS_OHMO,FZS_OHMO_1,1098
2020-03-23,FZS_OHMW,FZS_OHMW_1,2114
2020-03-23,FZS_ZEHN,FZS_ZEHN_1,828
2020-03-24,FZS_ALTO,FZS_ALTO_2,1709
2020-03-24,FZS_ARBO,FZS_ARBO_2,559
2020-03-24,FZS_CASS,FZS_CASS_2,965
2020-03-24,FZS_HARD,FZS_HARD_2,2207
2020-03-24,FZS_KATZ,FZS_KATZ_2,985
2020-03-24,FZS_LANN,FZS_LANN_2,2672
2020-03-24,FZS_LANS,FZS_LANS_2,3405
2020-03-24,FZS_LETD,FZS_LETD_2,14
2020-03-24,FZS_LIMM,FZS_LIMM_2,1181
2020-03-24,FZS_MILI,FZS_MILI_2,948
2020-03-24,FZS_MYTH,FZS_MYTH_2,502
2020-03-24,FZS_OHMO,FZS_OHMO_2,965
2020-03-24,FZS_OHMW,FZS_OHMW_2,1879
2020-03-24,FZS_ZEHN,FZS_ZEHN_2,869
2020-03-25,FZS_ALTO,FZS_ALTO_3,1747
2020-03-25,FZS_ARBO,FZS_ARBO_3,540
2020-03-25,FZS_CASS,FZS_CASS_3,865
2020-03-25,FZS_HARD,FZS_HARD_3,2121
2020-03-25,FZS_KATZ,FZS_KATZ_3,1000
2020-03-25,FZS_LANN,FZS_LANN_3,2640
2020-03-25,FZS_LANS,FZS_LANS_3,3445
2020-03-25,FZS_LETD,FZS_LETD_3,5
2020-03-25,FZS_LIMM,FZS_LIMM_3,1288
2020-03-25,FZS_MILI,FZS_MILI_3,926
2020-03-25,FZS_MYTH,FZS_MYTH_3,439
2020-03-25,FZS_OHMO,FZS_OHMO_3,1071
2020-03-25,FZS_OHMW,FZS_OHMW_3,1964
2020-03-25,FZS_ZEHN,FZS_ZEHN_3,898
2020-03-26,FZS_ALTO,FZS_ALTO_4,1694
2020-03-26,FZS_ARBO,FZS_ARBO_4,70
2020-03-26,FZS_CASS,FZS_CASS_4,790
2020-03-26,FZS_HARD,FZS_HARD_4,1846
2020-03-26,FZS_KATZ,FZS_KATZ_4,815
2020-03-26,FZS_LANN,FZS_LANN_4,2778
2020-03-26,FZS_LANS,FZS_LANS_4,3155
2020-03-26,FZS_LETD,FZS_LETD_4,7
2020-03-26,FZS_LIMM,FZS_LIMM_4,1061
2020-03-26,FZS_MILI,FZS_MILI_4,905
2020-03-26,FZS_MYTH,FZS_MYTH_4,377
2020-03-26,FZS_OHMO,FZS_OHMO_4,1061
2020-03-26,FZS_OHMW,FZS_OHMW_4,1895
2020-03-26,FZS_ZEHN,FZS_ZEHN_4,827
2020-03-27,FZS_ALTO,FZS_ALTO_5,1874
2020-03-27,FZS_ARBO,FZS_ARBO_5,8
2020-03-27,FZS_CASS,FZS_CASS_5,1070
2020-03-27,FZS_HARD,FZS_HARD_5,2241
2020-03-27,FZS_KATZ,FZS_KATZ_5,1475
2020-03-27,FZS_LANN,FZS_LANN_5,4341
2020-03-27,FZS_LANS,FZS_LANS_5,3663
2020-03-27,FZS_LETD,FZS_LETD_5,4
2020-03-27,FZS_LIMM,FZS_LIMM_5,949
2020-03-27,FZS_MILI,FZS_MILI_5,957
2020-03-27,FZS_MYTH,FZS_MYTH_5,479
2020-03-27,FZS_OHMO,FZS_OHMO_5,1202
2020-03-27,FZS_OHMW,FZS_OHMW_5,2293
2020-03-27,FZS_ZEHN,FZS_ZEHN_5,1113
2020-03-28,FZS_ALTO,FZS_ALTO_6,1587
2020-03-28,FZS_ARBO,FZS_ARBO_6,30
2020-03-28,FZS_CASS,FZS_CASS_6,1686
2020-03-28,FZS_HARD,FZS_HARD_6,2562
2020-03-28,FZS_KATZ,FZS_KATZ_6,2488
2020-03-28,FZS_LANN,FZS_LANN_6,3840
2020-03-28,FZS_LANS,FZS_LANS_6,4039
2020-03-28,FZS_LETD,FZS_LETD_6,8
2020-03-28,FZS_LIMM,FZS_LIMM_6,1043
2020-03-28,FZS_MILI,FZS_MILI_6,970
2020-03-28,FZS_MYTH,FZS_MYTH_6,628
2020-03-28,FZS_OHMO,FZS_OHMO_6,979
2020-03-28,FZS_OHMW,FZS_OHMW_6,1965
2020-03-28,FZS_ZEHN,FZS_ZEHN_6,1227
2020-03-29,FZS_ALTO,FZS_ALTO_7,900
2020-03-29,FZS_ARBO,FZS_ARBO_7,417
2020-03-29,FZS_CASS,FZS_CASS_7,760
2020-03-29,FZS_HARD,FZS_HARD_7,1334
2020-03-29,FZS_KATZ,FZS_KATZ_7,608
2020-03-29,FZS_LANN,FZS_LANN_7,1027
2020-03-29,FZS_LANS,FZS_LANS_7,1330
2020-03-29,FZS_LETD,FZS_LETD_7,7
2020-03-29,FZS_LIMM,FZS_LIMM_7,687
2020-03-29,FZS_MILI,FZS_MILI_7,311
2020-03-29,FZS_MYTH,FZS_MYTH_7,311
2020-03-29,FZS_OHMO,FZS_OHMO_7,371
2020-03-29,FZS_OHMW,FZS_OHMW_7,328
2020-03-29,FZS_ZEHN,FZS_ZEHN_7,195
2020-03-30,FZS_ALTO,FZS_ALTO_1,1663
2020-03-30,FZS_ARBO,FZS_ARBO_1,527
2020-03-30,FZS_CASS,FZS_CASS_1,528
2020-03-30,FZS_HARD,FZS_HARD_1,1583
2020-03-30,FZS_KATZ,FZS_KATZ_1,664
2020-03-30,FZS_LANN,FZS_LANN_1,2835
2020-03-30,FZS_LANS,FZS_LANS_1,2659
2020-03-30,FZS_LETD,FZS_LETD_1,2
2020-03-30,FZS_LIMM,FZS_LIMM_1,859
2020-03-30,FZS_MILI,FZS_MILI_1,674
2020-03-30,FZS_MYTH,FZS_MYTH_1,274
2020-03-30,FZS_OHMO,FZS_OHMO_1,1139
2020-03-30,FZS_OHMW,FZS_OHMW_1,1830
2020-03-30,FZS_ZEHN,FZS_ZEHN_1,772
2020-03-31,FZS_ALTO,FZS_ALTO_2,2020
2020-03-31,FZS_ARBO,FZS_ARBO_2,606
2020-03-31,FZS_CASS,FZS_CASS_2,1300
2020-03-31,FZS_HARD,FZS_HARD_2,2647
2020-03-31,FZS_KATZ,FZS_KATZ_2,1246
2020-03-31,FZS_LANN,FZS_LANN_2,3509
2020-03-31,FZS_LANS,FZS_LANS_2,3694
2020-03-31,FZS_LETD,FZS_LETD_2,11
2020-03-31,FZS_LIMM,FZS_LIMM_2,1182
2020-03-31,FZS_MILI,FZS_MILI_2,956
2020-03-31,FZS_MYTH,FZS_MYTH_2,577
2020-03-31,FZS_OHMO,FZS_OHMO_2,1164
2020-03-31,FZS_OHMW,FZS_OHMW_2,1994
2020-03-31,FZS_ZEHN,FZS_ZEHN_2,851
2020-04-01,FZS_ALTO,FZS_ALTO_3,2049
2020-04-01,FZS_ARBO,FZS_ARBO_3,64
2020-04-01,FZS_CASS,FZS_CASS_3,1451
2020-04-01,FZS_HARD,FZS_HARD_3,2452
2020-04-01,FZS_KATZ,FZS_KATZ_3,1492
2020-04-01,FZS_LANN,FZS_LANN_3,3462
2020-04-01,FZS_LANS,FZS_LANS_3,3921
2020-04-01,FZS_LETD,FZS_LETD_3,14
2020-04-01,FZS_LIMM,FZS_LIMM_3,1274
2020-04-01,FZS_MILI,FZS_MILI_3,1159
2020-04-01,FZS_MYTH,FZS_MYTH_3,574
2020-04-01,FZS_OHMO,FZS_OHMO_3,1170
2020-04-01,FZS_OHMW,FZS_OHMW_3,2190
2020-04-01,FZS_ZEHN,FZS_ZEHN_3,988
2020-04-02,FZS_ALTO,FZS_ALTO_4,1838
2020-04-02,FZS_ARBO,FZS_ARBO_4,213
2020-04-02,FZS_CASS,FZS_CASS_4,1312
2020-04-02,FZS_HARD,FZS_HARD_4,2497
2020-04-02,FZS_KATZ,FZS_KATZ_4,1624
2020-04-02,FZS_LANN,FZS_LANN_4,3517
2020-04-02,FZS_LANS,FZS_LANS_4,4006
2020-04-02,FZS_LETD,FZS_LETD_4,2
2020-04-02,FZS_LIMM,FZS_LIMM_4,1081
2020-04-02,FZS_MILI,FZS_MILI_4,1081
2020-04-02,FZS_MYTH,FZS_MYTH_4,630
2020-04-02,FZS_OHMO,FZS_OHMO_4,1135
2020-04-02,FZS_OHMW,FZS_OHMW_4,2132
2020-04-02,FZS_ZEHN,FZS_ZEHN_4,890
2020-04-03,FZS_ALTO,FZS_ALTO_5,1889
2020-04-03,FZS_ARBO,FZS_ARBO_5,498
2020-04-03,FZS_CASS,FZS_CASS_5,1233
2020-04-03,FZS_HARD,FZS_HARD_5,2660
2020-04-03,FZS_KATZ,FZS_KATZ_5,1601
2020-04-03,FZS_LANN,FZS_LANN_5,3692
2020-04-03,FZS_LANS,FZS_LANS_5,4294
2020-04-03,FZS_LETD,FZS_LETD_5,7
2020-04-03,FZS_LIMM,FZS_LIMM_5,1198
2020-04-03,FZS_MILI,FZS_MILI_5,1209
2020-04-03,FZS_MYTH,FZS_MYTH_5,499
2020-04-03,FZS_OHMO,FZS_OHMO_5,1198
2020-04-03,FZS_OHMW,FZS_OHMW_5,2331
2020-04-03,FZS_ZEHN,FZS_ZEHN_5,1175
2020-04-04,FZS_ALTO,FZS_ALTO_6,1761
2020-04-04,FZS_ARBO,FZS_ARBO_6,175
2020-04-04,FZS_CASS,FZS_CASS_6,1518
2020-04-04,FZS_HARD,FZS_HARD_6,2241
2020-04-04,FZS_KATZ,FZS_KATZ_6,2154
2020-04-04,FZS_LANN,FZS_LANN_6,3807
2020-04-04,FZS_LANS,FZS_LANS_6,4167
2020-04-04,FZS_LETD,FZS_LETD_6,1
2020-04-04,FZS_LIMM,FZS_LIMM_6,1054
2020-04-04,FZS_MILI,FZS_MILI_6,1042
2020-04-04,FZS_MYTH,FZS_MYTH_6,584
2020-04-04,FZS_OHMO,FZS_OHMO_6,895
2020-04-04,FZS_OHMW,FZS_OHMW_6,2043
2020-04-04,FZS_ZEHN,FZS_ZEHN_6,1341
2020-04-05,FZS_ALTO,FZS_ALTO_7,1556
2020-04-05,FZS_ARBO,FZS_ARBO_7,382
2020-04-05,FZS_CASS,FZS_CASS_7,1820
2020-04-05,FZS_HARD,FZS_HARD_7,2252
2020-04-05,FZS_KATZ,FZS_KATZ_7,2628
2020-04-05,FZS_LANN,FZS_LANN_7,3343
2020-04-05,FZS_LANS,FZS_LANS_7,3681
2020-04-05,FZS_LETD,FZS_LETD_7,5
2020-04-05,FZS_LIMM,FZS_LIMM_7,814
2020-04-05,FZS_MILI,FZS_MILI_7,790
2020-04-05,FZS_MYTH,FZS_MYTH_7,730
2020-04-05,FZS_OHMO,FZS_OHMO_7,573
2020-04-05,FZS_OHMW,FZS_OHMW_7,1034
2020-04-05,FZS_ZEHN,FZS_ZEHN_7,625
2020-04-06,FZS_ALTO,FZS_ALTO_1,2115
2020-04-06,FZS_ARBO,FZS_ARBO_1,509
2020-04-06,FZS_CASS,FZS_CASS_1,1279
2020-04-06,FZS_HARD,FZS_HARD_1,2505
2020-04-06,FZS_KATZ,FZS_KATZ_1,1805
2020-04-06,FZS_LANN,FZS_LANN_1,3954
2020-04-06,FZS_LANS,FZS_LANS_1,4362
2020-04-06,FZS_LETD,FZS_LETD_1,16
2020-04-06,FZS_LIMM,FZS_LIMM_1,1590
2020-04-06,FZS_MILI,FZS_MILI_1,1170
2020-04-06,FZS_MYTH,FZS_MYTH_1,525
2020-04-06,FZS_OHMO,FZS_OHMO_1,1213
2020-04-06,FZS_OHMW,FZS_OHMW_1,2452
2020-04-06,FZS_ZEHN,FZS_ZEHN_1,1020
2020-04-07,FZS_ALTO,FZS_ALTO_2,2316
2020-04-07,FZS_ARBO,FZS_ARBO_2,597
2020-04-07,FZS_CASS,FZS_CASS_2,1400
2020-04-07,FZS_HARD,FZS_HARD_2,2603
2020-04-07,FZS_KATZ,FZS_KATZ_2,2498
2020-04-07,FZS_LANN,FZS_LANN_2,4021
2020-04-07,FZS_LANS,FZS_LANS_2,4362
2020-04-07,FZS_LETD,FZS_LETD_2,14
2020-04-07,FZS_LIMM,FZS_LIMM_2,1315
2020-04-07,FZS_MILI,FZS_MILI_2,1244
2020-04-07,FZS_MYTH,FZS_MYTH_2,546
2020-04-07,FZS_OHMO,FZS_OHMO_2,1188
2020-04-07,FZS_OHMW,FZS_OHMW_2,2264
2020-04-07,FZS_ZEHN,FZS_ZEHN_2,1337
2020-04-08,FZS_ALTO,FZS_ALTO_3,2048
2020-04-08,FZS_ARBO,FZS_ARBO_3,690
2020-04-08,FZS_CASS,FZS_CASS_3,1313
2020-04-08,FZS_HARD,FZS_HARD_3,2584
2020-04-08,FZS_KATZ,FZS_KATZ_3,1975
2020-04-08,FZS_LANN,FZS_LANN_3,4557
2020-04-08,FZS_LANS,FZS_LANS_3,4629
2020-04-08,FZS_LETD,FZS_LETD_3,40
2020-04-08,FZS_LIMM,FZS_LIMM_3,1124
2020-04-08,FZS_MILI,FZS_MILI_3,1264
2020-04-08,FZS_MYTH,FZS_MYTH_3,606
2020-04-08,FZS_OHMO,FZS_OHMO_3,1302
2020-04-08,FZS_OHMW,FZS_OHMW_3,2477
2020-04-08,FZS_ZEHN,FZS_ZEHN_3,1249
2020-04-09,FZS_ALTO,FZS_ALTO_4,2165
2020-04-09,FZS_ARBO,FZS_ARBO_4,498
2020-04-09,FZS_CASS,FZS_CASS_4,1291
2020-04-09,FZS_HARD,FZS_HARD_4,2618
2020-04-09,FZS_KATZ,FZS_KATZ_4,1471
2020-04-09,FZS_LANN,FZS_LANN_4,4507
2020-04-09,FZS_LANS,FZS_LANS_4,4733
2020-04-09,FZS_LETD,FZS_LETD_4,23
2020-04-09,FZS_LIMM,FZS_LIMM_4,950
2020-04-09,FZS_MILI,FZS_MILI_4,1343
2020-04-09,FZS_MYTH,FZS_MYTH_4,576
2020-04-09,FZS_OHMO,FZS_OHMO_4,1285
2020-04-09,FZS_OHMW,FZS_OHMW_4,2499
2020-04-09,FZS_ZEHN,FZS_ZEHN_4,1429
2020-04-10,FZS_ALTO,FZS_ALTO_5,1820
2020-04-10,FZS_ARBO,FZS_ARBO_5,335
2020-04-10,FZS_CASS,FZS_CASS_5,1993
2020-04-10,FZS_HARD,FZS_HARD_5,2658
2020-04-10,FZS_KATZ,FZS_KATZ_5,2545
2020-04-10,FZS_LANN,FZS_LANN_5,4030
2020-04-10,FZS_LANS,FZS_LANS_5,3959
2020-04-10,FZS_LETD,FZS_LETD_5,9
2020-04-10,FZS_LIMM,FZS_LIMM_5,921
2020-04-10,FZS_MILI,FZS_MILI_5,834
2020-04-10,FZS_MYTH,FZS_MYTH_5,792
2020-04-10,FZS_OHMO,FZS_OHMO_5,714
2020-04-10,FZS_OHMW,FZS_OHMW_5,1244
2020-04-10,FZS_ZEHN,FZS_ZEHN_5,633
2020-04-11,FZS_ALTO,FZS_ALTO_6,1838
2020-04-11,FZS_ARBO,FZS_ARBO_6,692
2020-04-11,FZS_CASS,FZS_CASS_6,1583
2020-04-11,FZS_HARD,FZS_HARD_6,2429
2020-04-11,FZS_KATZ,FZS_KATZ_6,2356
2020-04-11,FZS_LANN,FZS_LANN_6,4683
2020-04-11,FZS_LANS,FZS_LANS_6,4623
2020-04-11,FZS_LETD,FZS_LETD_6,18
2020-04-11,FZS_LIMM,FZS_LIMM_6,857
2020-04-11,FZS_MILI,FZS_MILI_6,1228
2020-04-11,FZS_MYTH,FZS_MYTH_6,637
2020-04-11,FZS_OHMO,FZS_OHMO_6,1096
2020-04-11,FZS_OHMW,FZS_OHMW_6,2354
2020-04-11,FZS_ZEHN,FZS_ZEHN_6,1575
2020-04-12,FZS_ALTO,FZS_ALTO_7,1434
2020-04-12,FZS_ARBO,FZS_ARBO_7,338
2020-04-12,FZS_CASS,FZS_CASS_7,1767
2020-04-12,FZS_HARD,FZS_HARD_7,2407
2020-04-12,FZS_KATZ,FZS_KATZ_7,2363
2020-04-12,FZS_LANN,FZS_LANN_7,3495
2020-04-12,FZS_LANS,FZS_LANS_7,3529
2020-04-12,FZS_LETD,FZS_LETD_7,8
2020-04-12,FZS_LIMM,FZS_LIMM_7,745
2020-04-12,FZS_MILI,FZS_MILI_7,777
2020-04-12,FZS_MYTH,FZS_MYTH_7,716
2020-04-12,FZS_OHMO,FZS_OHMO_7,561
2020-04-12,FZS_OHMW,FZS_OHMW_7,875
2020-04-12,FZS_ZEHN,FZS_ZEHN_7,685
2020-04-13,FZS_ALTO,FZS_ALTO_1,1738
2020-04-13,FZS_ARBO,FZS_ARBO_1,658
2020-04-13,FZS_CASS,FZS_CASS_1,1772
2020-04-13,FZS_HARD,FZS_HARD_1,2529
2020-04-13,FZS_KATZ,FZS_KATZ_1,2515
2020-04-13,FZS_LANN,FZS_LANN_1,3538
2020-04-13,FZS_LANS,FZS_LANS_1,3982
2020-04-13,FZS_LETD,FZS_LETD_1,28
2020-04-13,FZS_LIMM,FZS_LIMM_1,846
2020-04-13,FZS_MILI,FZS_MILI_1,816
2020-04-13,FZS_MYTH,FZS_MYTH_1,744
2020-04-13,FZS_OHMO,FZS_OHMO_1,653
2020-04-13,FZS_OHMW,FZS_OHMW_1,885
2020-04-13,FZS_ZEHN,FZS_ZEHN_1,594
2020-04-14,FZS_ALTO,FZS_ALTO_2,2208
2020-04-14,FZS_ARBO,FZS_ARBO_2,105
2020-04-14,FZS_CASS,FZS_CASS_2,1144
2020-04-14,FZS_HARD,FZS_HARD_2,2466
2020-04-14,FZS_KATZ,FZS_KATZ_2,1403
2020-04-14,FZS_LANN,FZS_LANN_2,3927
2020-04-14,FZS_LANS,FZS_LANS_2,4046
2020-04-14,FZS_LETD,FZS_LETD_2,11
2020-04-14,FZS_LIMM,FZS_LIMM_2,1125
2020-04-14,FZS_MILI,FZS_MILI_2,1112
2020-04-14,FZS_MYTH,FZS_MYTH_2,443
2020-04-14,FZS_OHMO,FZS_OHMO_2,1370
2020-04-14,FZS_OHMW,FZS_OHMW_2,2212
2020-04-14,FZS_ZEHN,FZS_ZEHN_2,1195
2020-04-15,FZS_ALTO,FZS_ALTO_3,2095
2020-04-15,FZS_ARBO,FZS_ARBO_3,517
2020-04-15,FZS_CASS,FZS_CASS_3,1527
2020-04-15,FZS_HARD,FZS_HARD_3,2808
2020-04-15,FZS_KATZ,FZS_KATZ_3,1854
2020-04-15,FZS_LANN,FZS_LANN_3,5027
2020-04-15,FZS_LANS,FZS_LANS_3,4509
2020-04-15,FZS_LETD,FZS_LETD_3,26
2020-04-15,FZS_LIMM,FZS_LIMM_3,2140
2020-04-15,FZS_MILI,FZS_MILI_3,1256
2020-04-15,FZS_MYTH,FZS_MYTH_3,575
2020-04-15,FZS_OHMO,FZS_OHMO_3,1280
2020-04-15,FZS_OHMW,FZS_OHMW_3,2297
2020-04-15,FZS_ZEHN,FZS_ZEHN_3,1033
2020-04-16,FZS_ALTO,FZS_ALTO_4,1966
2020-04-16,FZS_ARBO,FZS_ARBO_4,687
2020-04-16,FZS_CASS,FZS_CASS_4,1570
2020-04-16,FZS_HARD,FZS_HARD_4,2618
2020-04-16,FZS_KATZ,FZS_KATZ_4,1861
2020-04-16,FZS_LANN,FZS_LANN_4,4844
2020-04-16,FZS_LANS,FZS_LANS_4,4812
2020-04-16,FZS_LETD,FZS_LETD_4,22
2020-04-16,FZS_LIMM,FZS_LIMM_4,1473
2020-04-16,FZS_MILI,FZS_MILI_4,1239
2020-04-16,FZS_MYTH,FZS_MYTH_4,609
2020-04-16,FZS_OHMO,FZS_OHMO_4,1206
2020-04-16,FZS_OHMW,FZS_OHMW_4,2115
2020-04-16,FZS_ZEHN,FZS_ZEHN_4,1202
2020-04-17,FZS_ALTO,FZS_ALTO_5,2018
2020-04-17,FZS_ARBO,FZS_ARBO_5,767
2020-04-17,FZS_CASS,FZS_CASS_5,1520
2020-04-17,FZS_HARD,FZS_HARD_5,2781
2020-04-17,FZS_KATZ,FZS_KATZ_5,2213
2020-04-17,FZS_LANN,FZS_LANN_5,5036
2020-04-17,FZS_LANS,FZS_LANS_5,5478
2020-04-17,FZS_LETD,FZS_LETD_5,16
2020-04-17,FZS_LIMM,FZS_LIMM_5,1339
2020-04-17,FZS_MILI,FZS_MILI_5,1375
2020-04-17,FZS_MYTH,FZS_MYTH_5,736
2020-04-17,FZS_OHMO,FZS_OHMO_5,1368
2020-04-17,FZS_OHMW,FZS_OHMW_5,1991
2020-04-17,FZS_ZEHN,FZS_ZEHN_5,1342
2020-04-18,FZS_ALTO,FZS_ALTO_6,1651
2020-04-18,FZS_ARBO,FZS_ARBO_6,311
2020-04-18,FZS_CASS,FZS_CASS_6,1961
2020-04-18,FZS_HARD,FZS_HARD_6,2712
2020-04-18,FZS_KATZ,FZS_KATZ_6,2562
2020-04-18,FZS_LANN,FZS_LANN_6,5259
2020-04-18,FZS_LANS,FZS_LANS_6,5456
2020-04-18,FZS_LETD,FZS_LETD_6,19
2020-04-18,FZS_LIMM,FZS_LIMM_6,1284
2020-04-18,FZS_MILI,FZS_MILI_6,1312
2020-04-18,FZS_MYTH,FZS_MYTH_6,835
2020-04-18,FZS_OHMO,FZS_OHMO_6,1150
2020-04-18,FZS_OHMW,FZS_OHMW_6,1728
2020-04-18,FZS_ZEHN,FZS_ZEHN_6,1389
2020-04-19,FZS_ALTO,FZS_ALTO_7,1503
2020-04-19,FZS_ARBO,FZS_ARBO_7,235
2020-04-19,FZS_CASS,FZS_CASS_7,1983
2020-04-19,FZS_HARD,FZS_HARD_7,2537
2020-04-19,FZS_KATZ,FZS_KATZ_7,2395
2020-04-19,FZS_LANN,FZS_LANN_7,3524
2020-04-19,FZS_LANS,FZS_LANS_7,4125
2020-04-19,FZS_LETD,FZS_LETD_7,58
2020-04-19,FZS_LIMM,FZS_LIMM_7,1133
2020-04-19,FZS_MILI,FZS_MILI_7,907
2020-04-19,FZS_MYTH,FZS_MYTH_7,829
2020-04-19,FZS_OHMO,FZS_OHMO_7,783
2020-04-19,FZS_OHMW,FZS_OHMW_7,751
2020-04-19,FZS_ZEHN,FZS_ZEHN_7,564
